tweet_id,author_id,tweet_text,created_at,lang,source,like_count,retweet_count,sentiment,polarity
1973656013304897733,601492130,"A 50 bp Fed rate cut in October? 
@GlobalMktObserv https://t.co/7f2Vyq8eUP",2025-10-02 07:47:16+00:00,en,,0,0,neutral,0.0
1973655975300309083,952145710455156737,"@yardeni: Russell 2000 outperforms S&amp;P 600, signaling speculative froth after Fed's 25bps rate cut on Sep 17. Russell’s 40% loss-making firms vs. S&amp;P 600’s 20% highlight riskier bets, as S&amp;P 600’s earnings filter screens out distressed companies
#SP500 #Nasdaq100 #Russell2000 https://t.co/iTBbggPnYc",2025-10-02 07:47:07+00:00,en,,0,0,neutral,0.0
1973655806638956625,601492130,"A 50 bp Fed rate cut in October? 
@Global https://t.co/7f2Vyq8eUP",2025-10-02 07:46:27+00:00,en,,0,0,neutral,0.0
1973655506603450569,1354289746479116294,"Gold hovers near record high on US rate-cut bets, government shutdown https://t.co/4LMOGvIyfq https://t.co/4LMOGvIyfq",2025-10-02 07:45:16+00:00,en,,0,0,positive,0.13
1973655453793132592,1071508067592929280,@misterrcrypto Mister Crypto highlights Fed rate cut odds rising to 86.9%,2025-10-02 07:45:03+00:00,en,,0,0,neutral,0.0
1973655123663688024,601492130,"A 50 bp Fed rate cut in October? 
@GlobalMarketsX https://t.co/7f2Vyq8eUP",2025-10-02 07:43:44+00:00,en,,0,0,neutral,0.0
1973655059973152777,1972709827068694528,"0.25% Fed rate cut locked in 

Alt season is officially loading…",2025-10-02 07:43:29+00:00,en,,0,0,neutral,0.0
1973654222550790327,335455570,"Gold hovers near record high on US rate-cut bets, government shutdown https://t.co/X9iWYZ0XOh https://t.co/X9iWYZ0XOh",2025-10-02 07:40:10+00:00,en,,3,1,positive,0.13
1973652143438700694,952145710455156737,"Bloomberg: Potential permanent layoffs from the U.S. gov shutdown create a low-probability, high-impact risk, per https://t.co/sNeZjCfrBd. This could cause a mini growth shock, dampening risk appetite. Fed funds futures suggest rate cut odds rise, supporting FOMC doves. https://t.co/TSgLlh8L2U",2025-10-02 07:31:54+00:00,en,,0,0,positive,0.125
1973652099075383552,1699420040271982592,"Fed Cut Lock-In Drives Gains Amid Shutdown Data Blackout and Tariff Escalation

U.S. equities notched modest advances as markets priced in a near-certain Federal Reserve rate cut next month, offsetting disruptions from a partial government shutdown that halted key economic https://t.co/fouhOdLCqV",2025-10-02 07:31:43+00:00,en,,1,0,neutral,0.04
1978009294869049461,1319561380190654466,"Markets move fast after a rate cut. Keep your strategy private, and let the others guess. It could be a calculated move from Fed Chair JP. 🤔 

We’re still waiting to see the effects of tariffs on the market. https://t.co/ihRKGHQjGq",2025-10-14 08:05:40+00:00,en,,0,0,positive,0.1
1978008728407589181,1478600828818628610,"🚨 A reminder Jerome Powell speaks today at 12:20 PM ET!📈

The fed chair takes on inflation, rate cuts and trade wars will move the markets.

97% odds for Oct cut dovish equals crypto pump?

Hawkish equals $BTC dip? 

Expect data driven tone but one word could swing markets 5%. https://t.co/1eSKDkQKYD",2025-10-14 08:03:25+00:00,en,,2,0,neutral,0.0
1978007942252089845,1894247253109248000,"🇺🇸 US job growth surged in May, adding 272,000 jobs—blowing past forecasts and cooling hopes for a Fed rate cut.

Wages also rose, keeping inflation pressures in play.

Source: https://t.co/88S4pteqS2  
Source: https://t.co/EeOalbGqEV

#LaborMarket #InterestRates #Inflation",2025-10-14 08:00:17+00:00,en,,0,0,positive,0.175
1978007853366718669,765755077,"We can see another leg down here 

BTC can dump to $108k and ETH can dump close to $3800 level. This is a typical market move after a long wick so nothing to worry about. 

Main bounce should start after 20th Oct once the Oct Fed rate cut fomo kicks in. New ATH by early November.",2025-10-14 07:59:56+00:00,en,,1,0,neutral,0.004401154401154398
1978007102044946453,1970668275781480448,"We can see another leg down here

 $BTC can dump to $108k and 
$ETH can dump close to $3800 level. 

This is a typical market move after a long wick so nothing to worry about.   

Main bounce should start after 20th Oct once the Oct Fed rate cut fomo kicks in. 

New ATH by early",2025-10-14 07:56:57+00:00,en,,0,0,neutral,0.004401154401154398
1978006644186591316,1024609626942132225,"FOMC rate cuts Oct 28–29, CPI prints next week. Rate cut odds 98.3% (Fed Watch). Gold’s $4K ATH pressures BTC catch-up. Total cap at $3.8T, eyeing $5T by ’27 if TOTAL3 holds. DeFi’s unbreakable, memes antifragile, crash proved it. https://t.co/fTP20xWEe3",2025-10-14 07:55:08+00:00,en,,1,0,neutral,0.0
1978005979603325397,1720665183188922368,@playUBU @WhaleEverything Powell is delivering keynote remarks at the National Association for Business Economics (NABE) annual meeting in Philadelphia. His speech focuses on the U.S. economic outlook and monetary policy. Markets expect insights into the Fed's next steps after September's rate cut.,2025-10-14 07:52:29+00:00,en,,1,0,positive,0.1
1978005639168405718,1976530040306163712,"🇺🇸Jerome Powell Speaks Today!📢 
🗣️Fed Chair Jerome Powell on economic outlook &amp; policy at 12:20 PM ET (IIF Summit, DC)—first since Sept cut! 
Dovish hints? 
Rate cut Nov? Your take?
 #Fed #Powell #Economy https://t.co/2h6lmmgOhr",2025-10-14 07:51:08+00:00,en,,0,0,positive,0.25
1978005452559691780,1416223565385404421,"🏛️Government News
 - FED Chair Jerome Powell to give speech today (rate cut implications?)
- Trump vs China slows, encouraging signs of a deal being negotiated https://t.co/ubrr6eeOFV",2025-10-14 07:50:24+00:00,en,,3,0,neutral,0.0
1978005091484340229,3152831711,"🇺🇸 UPDATE: Markets are pricing in a 98.3% chance of a Fed rate cut to 3.75–4.00% at the October 29 meeting.

#Abhinoor #sstvi #AbhishekBajaj #BaseerAli #NOWFESTXPPKrit

Join our telegram community below 👇 

https://t.co/t3AZbcLizn https://t.co/U4H5O9JgrV",2025-10-14 07:48:58+00:00,en,,0,0,neutral,0.0
1978004308278059463,188707045,"🚨 POWELL'S NABE SPEECH BOMB DROPPING TOMORROW—CRYPTO'S FATE IN THE FED CHAIR'S HANDS! 💥😤 Jerome's ""Economic Outlook &amp; Monetary Policy"" keynote at Philly's NABE meet could SLAY or SAVE the rebound: Dovish rate cut hints = $BTC blast to $120K+? Hawkish hold = tariff crash 2.0,",2025-10-14 07:45:51+00:00,en,,0,0,positive,0.2
1978003523276063113,1235213266902806529,"The Fed is expected to meet before the end of this month, with markets anticipating a potential 0.25% rate cut. This would lower the federal funds rate from its current 4–4.5% range, driven by signs of a weakening U.S. labor market and some political pressure from the White https://t.co/5DyPDtaQyl",2025-10-14 07:42:44+00:00,en,,0,1,neutral,-0.02
1978002209099927978,1671365069924433920,"🇺🇸 UPDATE: Markets are pricing in a 98.3% chance of a Fed rate cut to 3.75–4.00% at the October 29 meeting.
@cryptoaamannclub https://t.co/DsK6SLk0Nq",2025-10-14 07:37:30+00:00,en,,0,0,neutral,0.0
1978002012307366335,1748025661292154880,"Today's Agenda:

1. Fed chairman, Jerome Powell Speech.

Powell will be speaking before the National Association for Business Economics in Philadelphia.

Time: 12:20pm ET

What we're looking for: Hints of another rate cut on October 29th and future cuts.

The more dovish Powell https://t.co/xvUVVgv8eN",2025-10-14 07:36:43+00:00,en,,1,0,positive,0.25
1978001728340476215,1748025661292154880,"Today's Agenda:

1. Fed chairman, Jerome Powell Speech.

Powell will be speaking before the National Association for Business Economics in Philadelphia,

Time: 12:20pm ET

What we're looking for: Hints of another rate cut on October 29th and future cuts.

The more dovish Powell https://t.co/FfyH3NmO6y",2025-10-14 07:35:36+00:00,en,,1,0,positive,0.25
1978001190286749826,1722330307892744192,🇺🇸 UPDATE: Markets are pricing in a 98.3% chance of a Fed rate cut to 3.75–4.00% at the October 29 meeting. https://t.co/S97l7XOA1N,2025-10-14 07:33:27+00:00,en,,13,0,neutral,0.0
1977999363570876884,2821448531,"We can see another leg down here 

BTC can dump to $108k and ETH can dump close to $3800 level. This is a typical market move after a long wick so nothing to worry about. 

Main bounce should start after 20th Oct once the Oct Fed rate cut fomo kicks in. New ATH by early November.",2025-10-14 07:26:12+00:00,en,,0,0,neutral,0.004401154401154398
1977998927279308876,1448960101440757764,"#BREAKING 

Analysis: If the Fed Rate Cut Expectation Falls Short, Gold Price May Come Under Pressure

#Bitcoin $BTC",2025-10-14 07:24:28+00:00,en,,0,0,neutral,0.0
1977997277433348284,1258791882626236418,"🇺🇸 Fed Watch: Chair Powell speaks TODAY at 12:20 PM ET on Economic Outlook &amp; Monetary Policy.
Eyes on rate cut hints 👀💹

#FederalReserve #Fed #InterestRates #Bitcoin #Crypto #CryptoMarket #TraderLife #MarketSentiment #BTC #RiskOn https://t.co/7ht9a50rz6",2025-10-14 07:17:55+00:00,en,,1,0,positive,0.2
1977997058012279227,1592359878504615937,"Gold will fall and rise more bullish (amid fed rate cut)close below macro poc gold target wood be

Tp 4054✅
Tp 4033✅
Tp 4009✅
#gold #CryptoMarket #xauusdsignals #fed #TradingView https://t.co/dySACsPau0",2025-10-14 07:17:02+00:00,en,,0,0,positive,0.5
1977996882279645486,1538754743056871424,"🚨 SPDB warns potential 100% U.S. tariffs on China in Nov could sharply raise U.S. CPI to 1.8–3.6 pts (current 1.1–2.1).

Prolonged tariffs may cut 1.5–2.0 pts off China’s GDP.

Tariff war risk raised to 40%, could delay Fed rate cuts.

Read 👇🏻 https://t.co/X5BiXUbCWo",2025-10-14 07:16:20+00:00,en,,8,0,neutral,-0.041666666666666664
1977996761345278226,1555981469612490752,@Ashcryptoreal FED rate cut is already expected with a 99% probability. It's priced in.,2025-10-14 07:15:51+00:00,en,,0,0,negative,-0.1
1977996670085570626,1436238675671588865,"Crypto sentiment this week is cautious to bearish, with recent macro shocks (Trump tariffs, bond stress) sparking risk-off flows and heavy liquidations. 

While a Fed rate cut is highly anticipated and should be bullish, much of its impact appears priced in; unless fresh dovish",2025-10-14 07:15:30+00:00,en,,6,2,positive,0.092
1977995999743557840,1275119508202467328,"@Ashcryptoreal A BTC drop to $108k? That's way too extreme. While a pullback is possible, those targets are pure speculation. Don't trade based on Fed rate cut FOMO in October, the market is usually priced in. Stick to the chart!",2025-10-14 07:12:50+00:00,en,,0,0,negative,-0.05580357142857143
1977995882898309431,1186670624992710656,"We believe BTC might see a dip to $108k and ETH to around $3.8k, a common move after a long wick. No cause for concern. Expect a strong rebound post-20th Oct as Fed rate cut anticipation builds, with new ATHs likely by early Nov. …",2025-10-14 07:12:22+00:00,en,,0,0,positive,0.053282828282828286
1977995513128427578,1598242867746861056,"Gold hits record high on US rate cut bets; silver follows suit 
#GOLD #FEDERALBNK #Federal #Fed #USA #China #trade #Silver #BankofAmerica #JeromePowell #Investors 
https://t.co/sbBAx4tdHP",2025-10-14 07:10:54+00:00,en,,0,0,positive,0.16
1977994655066116421,3395435657,"@Ashcryptoreal This looks like a standard market retracement after a long wick. BTC may test $108k, ETH around $3800, but the main upside should kick in after 20th Oct with Fed rate cut optimism. Early November ATHs are probable.",2025-10-14 07:07:29+00:00,en,,1,0,neutral,0.043333333333333335
1977994506654843064,1555492823524188160,"We can see another leg down here 

BTC can dump to $108k and ETH can dump close to $3800 level. This is a typical market move after a long wick so nothing to worry about. 

Main bounce should start after 20th Oct once the Oct Fed rate cut fomo kicks in. New ATH by early November.",2025-10-14 07:06:54+00:00,en,,1,0,neutral,0.004401154401154398
1977994442914329053,1912834771409104896,"$crypto

Gold and Silver Prices Rise on Fiscal Gridlock and Fed Rate Cut Expectations",2025-10-14 07:06:39+00:00,en,,0,0,neutral,0.0
1977992773929226640,1699420040271982592,"Tariff Worries Ease, Stocks Bounce Back on Hopes for Fed Rate Cuts

U.S. equities advanced on signals of moderated U.S.-China tariff escalation, with the S&amp;P 500 posting its largest gain in weeks on rate cut optimism. Gold extended record highs on persistent safe-haven demand https://t.co/5RNaQfFPzZ",2025-10-14 07:00:01+00:00,en,,0,0,positive,0.2
1977991517831680333,1714968391700647936,"📊 Market Update – October 14, 2025 🕘

🔥 Gold (XAU/USD) extends its record-breaking rally in Asia, lifted by US government shutdown worries, renewed US-China trade tensions, and rising Fed rate cut expectations.

💎 Silver (XAG/USD) hits a historic all-time high near $52.60,",2025-10-14 06:55:01+00:00,en,,0,0,positive,0.08666666666666667
1977991462177690014,631810714,"Silver prices in India reached record highs at ₹1.89 lakh per kg, as global prices surged to $53.45 per ounce amid supply tightness and expectations of a US Fed rate cut

@anshul91_m | #Silver  #silverprice  #silverprices 
https://t.co/lI7M3CnJ6N",2025-10-14 06:54:48+00:00,en,,5,1,neutral,0.0
1977991310025142579,1976920691967483904,"$BTC options skew shows put bias across all time frames, as traders continue to chase downside protection after the dovish Fed rate cut, DeribitOfficial's Luuk Strijers told CoinDesk. By godbole17",2025-10-14 06:54:12+00:00,en,,0,0,neutral,0.0
1977991110434697533,934800556274659329,"Today, at 1:20 PM, Federal Reserve Chairman Jerome Powell will speak… and the entire market is holding its breath.

After the September interest rate cut, everyone wants to know:
Is another cut coming… or will the Fed hit the brakes?

If Powell uses words like ""inflation https://t.co/LDhgEI23aH",2025-10-14 06:53:24+00:00,en,,0,0,positive,0.1
1977990436363870706,1969454978415935492,"We can see another leg down here 

BTC can dump to $108k and ETH can dump close to $3800 level. This is a typical market move after a long wick so nothing to worry about. 

Main bounce should start after 20th Oct once the Oct Fed rate cut fomo kicks in. New ATH by early November.",2025-10-14 06:50:43+00:00,en,,2,0,neutral,0.004401154401154398
1977989284125614481,1394297426228486145,"Don’t panic, the charts are just cooling off before the real move begins. BTC could retest around $108K and ETH might dip near $3.8K, but that’s a normal market shakeout after a long wick. The real momentum is expected to kick in after October 20th once the Fed rate cut FOMO https://t.co/gCg0udV6oL",2025-10-14 06:46:09+00:00,en,,1,0,positive,0.07142857142857144
1977988706645495993,1854406183605719040,@Cointelegraph Powell speaking today is gonna move markets. Rate cut talk would be huge for $QQQ. The tech sector is coiled up waiting on this. Positioning ahead of Fed days is always tricky,2025-10-14 06:43:51+00:00,en,,3,0,positive,0.4000000000000001
1977988133435130038,1965809837947904001,"Everyone freaking out over a $BTC dip.
Relax bro — it’s just the market stretching before the next sprint.

$BTC: 108K
$ETH: 3.8K
Then boom 💥 — new ATH once Fed rate cut FOMO kicks in post-Oct 20.

Sit tight, bulls 🐂 season loading…
#Bitcoin #Ethereum",2025-10-14 06:41:34+00:00,en,,0,0,neutral,-0.014069264069264073
1977987938102477079,1574578758127755264,"We can see another leg down here 

BTC can dump to $108k and ETH can dump close to $3800 level. This is a typical market move after a long wick so nothing to worry about. 

Main bounce should start after 20th Oct once the Oct Fed rate cut fomo kicks in. New ATH by early November.",2025-10-14 06:40:48+00:00,en,,0,0,neutral,0.004401154401154398
1977987811283435629,1935702292508135424,"We can see another leg down here 

BTC can dump to $108k and ETH can dump close to $3800 level. This is a typical market move after a long wick so nothing to worry about. 

Main bounce should start after 20th Oct once the Oct Fed rate cut fomo kicks in. New ATH by early November.",2025-10-14 06:40:18+00:00,en,,0,0,neutral,0.004401154401154398
1977987596962713820,1897076942559678464,"@Ashcryptoreal 🚨 Totally agree, that wick to $126k was a classic fakeout, shaking out the weak hands before the real pump. 

BTC dipping to $108k and ETH testing $3,800 feels like the final rinse before the Fed's Oct 29 rate cut lights the FOMO fuse. 📈

By early Nov, we're eyeing $140k+ BTC",2025-10-14 06:39:27+00:00,en,,1,0,neutral,0.015277777777777779
1977987378267697449,1262083994474016768,"2️⃣ Fed rate cut expectations — with economic pressure mounting, the Fed may cut rates twice this year, making gold more attractive.

Central bank buying &amp; higher ETF inflows are adding extra shine.",2025-10-14 06:38:34+00:00,en,,0,0,positive,0.2916666666666667
1977987122414911788,1457304663875719168,"@Ashcryptoreal looks like a short-term dip setup, but the bigger bounce around late october makes sense if the fed rate cut hype hits.",2025-10-14 06:37:33+00:00,en,,1,0,negative,-0.15
1977986784320438558,1596036070285934592,@grok @Cointelegraph But how can they say about rate cuts because us government shutdown and no data available like jobless claim cpi data ppi data inflation still above 2 so what is your view on this grok because until fomc us government shutdown will not open that means fed won’t cut at this time,2025-10-14 06:36:13+00:00,en,,0,0,positive,0.13333333333333333
1977986770454360385,1968143273052213248,"@Cointelegraph Fed chair's 12:20 ET address on economic outlook will be scrutinized for rate cut signals. With October cut probability at 68% in futures markets,
Could dovish hints become the catalyst for $120K breakout? 💹",2025-10-14 06:36:09+00:00,en,,4,0,positive,0.2
1977986555554750520,1443812252872708103,"@Ashcryptoreal This leg down aligns with historical retests after wicks, where ETF outflows temporarily spike perp liquidations. Fed's Oct 30 meeting could catalyze the bounce, as rate cut odds at 85% fuel liquidity rotation into ETH's PoS yields.",2025-10-14 06:35:18+00:00,en,,3,0,negative,-0.07777777777777779
1977986201769693617,1913413939666595840,@Cointelegraph Powell speaks at 12:20 PM ET 🔥 all eyes on the Fed — rate cut hints incoming?,2025-10-14 06:33:54+00:00,en,,1,0,neutral,0.0
1977985943110828313,892434088816242688,"We can see another leg down here 

BTC can dump to $108k and ETH can dump close to $3800 level. This is a typical market move after a long wick so nothing to worry about. 

Main bounce should start after 20th Oct once the Oct Fed rate cut fomo kicks in. New ATH by early November.",2025-10-14 06:32:52+00:00,en,,0,0,neutral,0.004401154401154398
1977985629599191284,1922710587248869378,"@Cointelegraph Breaking: Fed Chair Powell’s speech today could shift markets drastically. On-chain data shows macro-driven crypto volatility surged 28% during previous Powell talks on monetary policy. Your “rate cuts?” question is crucial
historically, rate cut hints preceded 15% BTC rallies...",2025-10-14 06:31:37+00:00,en,,3,0,negative,-0.05555555555555555
1977985511374401795,1753704423220473856,"We can see another leg down here 

BTC can dump to $108k and ETH can dump close to $3800 level. This is a typical market move after a long wick so nothing to worry about. 

Main bounce should start after 20th Oct once the Oct Fed rate cut fomo kicks in. New ATH by early November.",2025-10-14 06:31:09+00:00,en,,0,0,neutral,0.004401154401154398
1977985374006755760,1387095175349035012,"@Ashcryptoreal Solid technical take. That long wick was indeed a classic exhaustion signal, and a flush toward $108k BTC / $3800 ETH would actually create a much healthier foundation for the next leg up.

You're also spot on with the Fed timing. A potential rate cut in October could be the",2025-10-14 06:30:37+00:00,en,,5,0,neutral,0.03958333333333333
1977985205026902117,1913413939666595840,"🚨 We could see another leg down in crypto.

• $BTC → possible dip to $108K
• $ETH → possible dip to $3.8K

Typical post-wick move. Nothing to panic. Main bounce expected after Oct 20 as Fed rate cut FOMO kicks in. 📈

New ATH by early November still on track. 🔥 #BTC #ETH https://t.co/LYnlC49wJv",2025-10-14 06:29:56+00:00,en,,1,0,neutral,-0.002398989898989904
1977985164845232402,1642986969067134981,"@Ashcryptoreal Bulls will ignite once the Fed rate cut fuels FOMO, expect BTC’s bounce back and ETH to rally past that $3,800 floor. 🚀",2025-10-14 06:29:47+00:00,en,,3,0,negative,-0.125
1977984960431628563,1127721862455230464,"2 year yield is tumbling.  The Fed is way behind the bond market as usual.  

.50 rate cut coming later this month?  Possible imo. https://t.co/1QZgQpsAdb",2025-10-14 06:28:58+00:00,en,,46,4,negative,-0.1625
1977984766067785824,3185716686,"We can see another leg down here 

BTC can dump to $108k and ETH can dump close to $3800 level. This is a typical market move after a long wick so nothing to worry about. 

Main bounce should start after 20th Oct once the Oct Fed rate cut fomo kicks in. New ATH by early November.",2025-10-14 06:28:12+00:00,en,,1576,176,neutral,0.004401154401154398
1977982791615672419,1920946172,"🚨 LATEST:

🇺🇸 FED CHAIR POWELL TO SPEAK TODAY AT 12:20 PM ET.

ANY RATE CUT HINT = MARKET PUMP 🚀 https://t.co/F0xispq5gp",2025-10-14 06:20:21+00:00,en,,48,17,positive,0.5
1977981125260607652,1950799392040235008,"🪙✨ Gold hits record highs above $4,162/oz; Silver surges past $53 as Fed rate cut hopes drive safe-haven rush. 

Read full -&gt; https://t.co/7fiheKvfEU

#GOLD  #Silver  #Markets https://t.co/HWVTCB9107",2025-10-14 06:13:44+00:00,en,,0,0,neutral,0.033333333333333326
1977980370759860608,3134597467,"Spot gold is likely to rise on safe-haven demand and increasing bets on a Fed rate cut -@ICICI_Direct 

https://t.co/7U9Pa5S5EC

#CommodityTips #ICICISecurities #Investmentguruindia https://t.co/fTtpqICCeV",2025-10-14 06:10:44+00:00,en,,0,0,neutral,0.0
1977977611616723145,1965724074640084992,"As #MCX  prices jump amid #UStariff tensions and Fed rate cut expectations, what’s your move?
💰 #Gold #Silver #MCX #investing #",2025-10-14 05:59:46+00:00,en,,0,0,neutral,0.0
1977976518341988742,896560024587091968,"🚨 Powell speaks today – 12:35 PM ET 👀
One word = Market moves! ⚖️
Rate cut hint? 🚀 Risk assets could pump!
Buy the dip before it’s too late ⏳💸
#Fed #Powell #Crypto #Stocks https://t.co/29bTpYzIt5",2025-10-14 05:55:25+00:00,en,,0,0,negative,-0.3
1977976462709076201,1501834506579234816,"Market 14/10:
🔹 Nasdaq +2.97% as China eases export concerns and US tone softens; trade tensions remain ahead of leaders’ meeting.
🔹 Gold +2.62% on safe-haven demand and Fed Paulson’s 50 bps rate cut support.

📌 Key event (GMT+8):
- 00:20 – Fed Chair Powell speaks, rate cut https://t.co/YCmcktDaal",2025-10-14 05:55:12+00:00,en,,0,0,neutral,0.0
1977976076094574848,23859421,"USD/CAD breaks above 1.3750 to cycle highs, driven by mixed macro factors. The Bank of Canada’s rate cut contrasts with the Fed’s hawkish stance, while oil prices and inflation data continue to influence the Canadian dollar’s outlook. Momentum suggests further upside potential https://t.co/rbQ4CNtHsx",2025-10-14 05:53:40+00:00,en,,0,0,neutral,0.0
1977975169919701268,1780292711242964992,"🟦 Fed's 98.3% Cut Lock: October 29's Near-Certainty in Risk-Off Realm

October 14, 2025, crystallizes market conviction in the wake of last week’s $19 B crypto liquidation inferno: Futures traders are pricing a 98.3% probability of a 25 bps Fed rate cut to 3.75 – 4.00% at the https://t.co/zZwIQeW0cT",2025-10-14 05:50:04+00:00,en,,1,0,neutral,0.0
1977974323592994857,1925566907262144512,NEW: 🇺🇸 Markets are pricing in a 98.3% chance of a Fed rate cut to 3.75–4.00% at the October 29 meeting.,2025-10-14 05:46:42+00:00,en,,0,0,positive,0.13636363636363635
1977974075076305041,1509541749395718150,"@RajNifty123 DXY already recovered from record low with demand coming back.
Few pending issue in global market like Israel Gaza
US Shutdown about to get over and we may be back to business as usual
Fed may give the last rate cut for 2025
China and US Deal should happen by month end, India too",2025-10-14 05:45:43+00:00,en,,1,0,negative,-0.0642857142857143
1977973003112845406,631810714,"Gold prices in India hit a record  ₹1.286 lakh per 10 grams—mirroring global prices—driven by US Fed rate cut expectations, geopolitical tensions, and robust investor demand 

@anshul91_m | #Gold #GoldPrice #GoldPrices #GoldPriceToday 

Read: https://t.co/9QDpPVI7rj https://t.co/qKNBTGTZvO",2025-10-14 05:41:27+00:00,en,,6,1,neutral,0.0
1977972178063626374,1672120274379210752,"🔥 More social-media punch:

🇺🇸 BREAKING: Markets are betting 98.3% on a Fed rate cut to 3.75–4.00% this October 29.
The pivot is coming. 📉💰
#FED #Macro #Finance #Investing https://t.co/YoKNwcqojw",2025-10-14 05:38:10+00:00,en,,1,0,positive,0.5
1977971627368304894,1934731536034562048,"@TylerHODL17 @youfadedwealth @Polymarket @opensea @MeteoraAG @monad @wardenprotocol @irys_xyz @trylimitless @AlloraNetwork 98% chance of a Fed rate cut by December 2025 meeting

https://t.co/yLZnjl2nbW",2025-10-14 05:35:59+00:00,en,,0,0,neutral,0.0
1977971310279200894,630513461,"$OPEN The rate cut didn’t help housing much: @zillow down 23%, @CoStarGroup down 15%, and 30y mortgage rates barely budged (6.35% → 6.30%). The market’s reminding us—mortgage rates track the 10y yield, not the Fed. https://t.co/fCbnrpHHej",2025-10-14 05:34:43+00:00,en,,0,0,neutral,-0.012222222222222232
1977971045807116554,1641915741195624454,"JUST IN: Markets are now implying a 98.3% probability of the Fed cutting rates to the 3.75–4.00% range at its October 29 meeting.

This high likelihood of a rate cut is bearish for the US dollar, as lower rates typically weaken the currency. https://t.co/LEyghiiFBD",2025-10-14 05:33:40+00:00,en,,1,0,negative,-0.2022222222222222
1977970848855405013,3428358964,NEW: 🇺🇸 Markets are pricing in a 98.3% chance of a Fed rate cut to 3.75–4.00% at the October 29 meeting. https://t.co/qBKQskvNBj,2025-10-14 05:32:53+00:00,en,,5,0,positive,0.13636363636363635
1977970400362676327,1944732997862776832,"Gold hits a new record above $4100 as safe-haven demand surges amid US-China tensions, Fed rate cut bets, and the US shutdown.
Trend stays bullish above $4055; targets $4138–$4150.

For signal join now
https://t.co/rcYIsrGoMp

#TrumpTariffs #CryptoCrash #Trump #xauusd #btcusd https://t.co/Rgs7qPBC6S",2025-10-14 05:31:07+00:00,en,,0,0,neutral,0.04545454545454545
1977970140906975268,846860077969522692,"🏆 Gold Smashes Record — Breaks Above $4,150!

Gold surged past $4,150/oz, setting a new all-time high as renewed US-China trade tensions and rising bets on Fed rate cuts fuel a powerful safe-haven rally.

Investors are now pricing in a 97% chance of a Fed cut in October, with https://t.co/37XwFcrcRg",2025-10-14 05:30:05+00:00,en,,0,0,positive,0.06927272727272726
1977969952515653713,1234006158186295297,🇺🇸 UPDATE: Markets are pricing in a 98.3% chance of a Fed rate cut to 3.75–4.00% at the October 29 meeting. https://t.co/jYBbiwtgKS,2025-10-14 05:29:20+00:00,en,,8,2,neutral,0.0
1977969452470706307,1964690985964761088,"📊 COMMODITY ROUNDUP 🌍

🥇 Gold &amp; Silver rally on Fed rate cut hopes — weaker $ = stronger metals!
🇮🇳 India’s silver shortage + rising local premiums add more shine ✨
🛢️ Oil faces pressure from rising supply &amp; steady U.S. output
🔥 Natural Gas weighed down by high inventories",2025-10-14 05:27:21+00:00,en,,1,0,positive,0.1285185185185185
1977966454629654682,631810714,"Gold prices in India hit a record  ₹12.86 lakh per 10 grams—mirroring global prices—driven by US Fed rate cut expectations, geopolitical tensions, and robust investor demand 

@anshul91_m | #Gold #GoldPrice #GoldPrices #GoldPriceToday 

Read: https://t.co/9QDpPVHzBL https://t.co/xDroaSlxvh",2025-10-14 05:15:26+00:00,en,,3,0,neutral,0.0
1977964175151558981,714160467288002560,"🇺🇸 UPDATE: Markets are pricing in a 98.3% chance of a Fed rate cut to 3.75–4.00% at the October 29 meeting.

#Fed #RateCut https://t.co/9AVTfaRMix",2025-10-14 05:06:22+00:00,en,,0,0,neutral,0.0
1977958832052789281,1720665183188922368,"@HexMktMogul @yourfriendSOMMI Interest rates do play a role in risk-on environments like crypto, influencing liquidity and investor sentiment. Economic lags for rate cut effects typically range 6-18 months, per sources like Fed studies. Historical altseasons often coincide with PMI &gt;50-52 and improving",2025-10-14 04:45:08+00:00,en,,0,0,neutral,0.011111111111111118
1977958112410923108,1718296716150284288,"🇺🇸 UPDATE:
Markets are pricing in a 98.3% chance of a Fed rate cut to 3.75–4.00% at the October 29 meeting 💥

Big question:
Will this spark a market rally or a sell-the-news event? 🤔

#Fed #InterestRates #USMarkets #FinanceNews #ShahDex #CryptoMarket",2025-10-14 04:42:17+00:00,en,,0,0,neutral,0.0
1977955680695783860,1834421848140091393,"“The Strongest 3-Year Bull Market Ever” — Wall Street Bets on Year Four: Don’t Fight the Fed 

Read more: https://t.co/fJZ85ZbRWy https://t.co/FONjEAeD2u",2025-10-14 04:32:37+00:00,en,,0,0,positive,0.5
1977955020781027716,1687937897452736512,"🚨BREAKING: Markets are now pricing in a 98.3% chance of a Fed rate cut to 3.75–4.00% on Oct 29.

The pivot everyone’s been waiting for or the calm before the next storm? 💭 https://t.co/4iiEz2dgE5",2025-10-14 04:30:00+00:00,en,,27,10,positive,0.15000000000000002
1977949488489574569,2433893821,"Fed rate cut followed by US-China tariff war, Gold has reached fresh highs. https://t.co/NFDCELcCiI",2025-10-14 04:08:01+00:00,en,,0,0,positive,0.3
1977947952489390120,1516287350569115659,"🇺🇸 UPDATE: Markets are pricing in a 98.3% chance of a Fed rate cut to 3.75–4.00% at the October 29 meeting.  

🚀🚀🚀🚀🚀🚀🚀🚀🚀🚀 https://t.co/7pFWQHCdwc",2025-10-14 04:01:55+00:00,en,,2,0,neutral,0.0
1977944972553764948,1868563687763546112,"📉 Markets now price in a 98.3% chance of a Fed rate cut to 3.75–4.00% on Oct 29! Big shift coming? #FedRateCut #Markets #InterestRates #Crypto 📊

https://t.co/VgV9ueMmiI",2025-10-14 03:50:04+00:00,en,,0,0,neutral,0.0
1977944553295405484,1537070753618833408,@WatcherGuru Those who know… the tariffs have been a distraction to a huge underlying problem the US bond market. Trump’s plan has been to pay the holders and to intentionally crash the US economy so the Fed will rate cut. Next year the US bonds will expire with the least minimum payment.,2025-10-14 03:48:24+00:00,en,,3,0,neutral,0.03333333333333336
1977941278315737120,1806183923707527168,"@tonmoyislam03 @Assemble_io @Galxe First, macroeconomic shifts: When Fed Chair Jerome Powell hinted at rate cut strategy changes, NS3 analyzed the neutral-to-positive sentiment",2025-10-14 03:35:23+00:00,en,,1,0,positive,0.25
1977939924247781696,1581298801599549446,"Philadelphia Fed President Anna Paulson said she supports two more 25 bps rate cuts this year, arguing policy should ignore tariff-driven price pressures. 

She called last month’s cut “appropriate” and expects the U.S. economy to keep growing above trend in Q3.

#RooEx",2025-10-14 03:30:00+00:00,en,,0,0,positive,0.25
1977938374510948369,1170804888919396352,"RUMOR: 🚨 

MEMBER OF THE FED LEAKS A POSSIBILITY OF A 1% RATE CUT FOR OCTOBER https://t.co/EFajPhXg3y",2025-10-14 03:23:51+00:00,en,,2,0,neutral,0.0
1977938331540590743,280086557,"@Barchart Selling going into a Fed Rate Cut? 

🤔",2025-10-14 03:23:41+00:00,en,,2,0,neutral,0.0
1977936523300388950,1340442012,Why does the FED want you IN the stock market starting August 13th at any price until the end of the year; we list FED's highest prizes and rewards for gambling $SPY $TSLA $AMD $NVDA #TRUMP $PLTR $QBTS $IONQ $TSM $RGTI https://t.co/a3Ycmp0kWB,2025-10-14 03:16:30+00:00,en,,0,0,neutral,0.0
1977936017295335464,845521564032425984,Markets are pricing in a 98.3% chance of a Fed rate cut to 3.75–4.00% at the October 29 meeting. https://t.co/SSDQuoWtLx,2025-10-14 03:14:29+00:00,en,,0,0,neutral,0.0
1977935920427913293,1977817206529654785,"🧠 Fed rate cut by March 2026?  
🔥 Market 42%, Fair 56% → +14% edge.  
🎯 Size: Medium | Limit: 0.56  
🔗 https://t.co/CrCCNVkSFS",2025-10-14 03:14:06+00:00,en,,0,0,positive,0.7
1977932083822813324,1720665183188922368,"@Grip_Crush Silver's spot price has hit record highs above $52/oz due to investor demand as a safe haven amid economic uncertainty, geopolitical tensions, and a government shutdown. Other factors include Fed rate cut expectations, a weaker USD, surging industrial use (e.g., solar, EVs), and",2025-10-14 02:58:51+00:00,en,,0,0,positive,0.09
1977928128833216602,21379577,"$GLD perfect bull flag. Amazing move higher after the Fed’s announced rate cut. 

Just needs to consolidate now for the remainder of the year. 

$SPX $SPY $QQQ https://t.co/O4SOyVZ4tl",2025-10-14 02:43:08+00:00,en,,1,0,positive,0.6166666666666667
1977926496951152879,1909616961832570880,@Investments_CEO If Powell hints at a cut tomorrow the crypto markets won’t wait to react 🔥 we broke down exactly how this move could reshape momentum across the board 👇 https://t.co/4WV6LtT5Wt,2025-10-14 02:36:39+00:00,en,,0,0,neutral,0.04722222222222221
1977926156671414342,1909616961832570880,@Cointelegraph Perfect storm brewing as low gas and high activity collide with a possible Fed cut 🚀 we broke down how these macro shifts could light up ETH’s next rally 👇 https://t.co/4WV6LtT5Wt,2025-10-14 02:35:18+00:00,en,,0,0,positive,0.20063492063492058
1977924972132888817,1909616961832570880,@Cointelegraph That kind of certainty usually means the real shock comes after the cut hits 👀 we broke down how this could ripple through crypto liquidity and sentiment 👇 https://t.co/4WV6LtT5Wt,2025-10-14 02:30:36+00:00,en,,0,0,positive,0.09861111111111112
1977920705514914118,1452497045088997379,"🌟Daily News 14/10 [Free Subscription]
1. Tether mints 1B USDT
2. CME launches SOL &amp; XRP options trading
3. Gold breaks $4100, up 56% YTD
4. Fed rate cut probability at 98.3%
5. JPMorgan allows BTC trading for clients
6. Empery Digital secures $100M credit line
#Bitcoin #Crypto https://t.co/WUl7CynOYp",2025-10-14 02:13:38+00:00,en,,1,0,positive,0.2
1977914192805175688,1720665183188922368,"@JamesM101_ @MartiniGuyYT Jerome Powell is scheduled to speak today (Oct 14) on economic outlook and policy. Recent analyses from CNBC, WSJ, and JP Morgan indicate expectations for a 25 bps rate cut at the Oct 28-29 Fed meeting, though no specific signal is guaranteed today. Polymarket odds: 92% for a 25",2025-10-14 01:47:46+00:00,en,,0,0,positive,0.06666666666666667
1977913800029241523,1599761551082373122,"🇺🇸 UPDATE: Markets are pricing in a 98.3% chance of a Fed rate cut to 3.75–4.00% at the October 29 meeting.

#crypto #cryptonews #cryptoinvesting #cryptoupdates #bitcoin #btc https://t.co/GW8VETJ5nq",2025-10-14 01:46:12+00:00,en,,2,0,neutral,0.0
1978538578578690547,1882086254725980160,"Fed's St. Louis chief backs rate cut amid rising labor market risks. Inflation remains above target, but employment concerns prompt policy shift. #SPY https://t.co/ghx0OmA6oS",2025-10-15 19:08:51+00:00,en,,0,0,neutral,0.0
1978538373003309546,1338601494132744193,"Yup easiest money in my life! @RaoulGMI 

Also put 50 bps rate cut in october and 50 in december as hedge. 

Trade against me: https://t.co/omxidaf2km https://t.co/FXeU0P7WsL",2025-10-15 19:08:02+00:00,en,,0,0,neutral,0.0
1978538038226502131,3220826437,"Discover what history reveals about stocks when the Fed eases rates—insights on market trends, sector shifts, and opportunities during rate cut cycles. https://t.co/BjmJYI42rq https://t.co/GqRPOCIubj",2025-10-15 19:06:42+00:00,en,,0,0,neutral,0.0
1978536881055801760,3086727432,"BTC Uptober Depends On Fed Rate-Cut Odds, Stocks https://t.co/8ueW0PU7TS",2025-10-15 19:02:06+00:00,en,,0,0,neutral,0.0
1978536616101572622,1882086254725980160,"Federal Reserve Bank of St. Louis President James Bullard supports a rate cut amid concerns over labor market risks, signaling subtle shifts in monetary policy outlook. #Fed #InterestRates #Economy",2025-10-15 19:01:03+00:00,en,,0,0,negative,-0.3333333333333333
1978536593112646047,1972696916917104640,"Fed’s Rate Cut Brings New Opportunities for Homebuyers
https://t.co/kIka6pJ4XZ
#SacramentoMortgage #SacMortgage #SacramentoHomeLoans #SacramentoMortgageBroker #SacramentoMortgageRates #SacramentoLoans",2025-10-15 19:00:57+00:00,en,,0,0,positive,0.13636363636363635
1978536579913105788,102851114,"After waiting for nearly a year, the Federal Reserve has cut interest rates. Here's a look at what that means for someone buying a vehicle. https://t.co/dCKvZa9DAc",2025-10-15 19:00:54+00:00,en,,0,0,positive,0.1
1978535857809203684,1814722511067652096,"Bitcoin's ‘Uptober’ vibes hinge on Fed rate cut odds, Nasdaq and tech stocks’ response
Bitcoin’s remaining October performance depends on Fed rate cut odds, $BTC $ETF inflows and the path major US stocks chose to take.",2025-10-15 18:58:02+00:00,en,,2,0,positive,0.0625
1978535681254130060,1814722511067652096,"Bitcoin's ‘Uptober’ vibes hinge on Fed rate cut odds, Nasdaq and tech stocks’ response
Bitcoin’s remaining October performance depends on Fed rate cut odds, #BTC #ETF inflows and the path major US stocks chose to take.",2025-10-15 18:57:20+00:00,en,,1,0,positive,0.0625
1978535197873221931,172134623,"End of QT + rate cut(s) are bullish for stocks

Growth stocks (long duration assets) likely to be the prime beneficiaries of monetary easing. Current situation similar to the late 1998 cuts by the Fed and we know what happened in 1999. $NDX $SPX https://t.co/XDrawph5KN",2025-10-15 18:55:25+00:00,en,,0,0,negative,-0.06999999999999999
1978534622758908002,91455910,Fed Chair Again Emphasizes No ‘Risk-Free Path’ as Rate Cut Seems More Certain https://t.co/5pcrzSZvx6 https://t.co/eRpiYS6EEj,2025-10-15 18:53:08+00:00,en,,0,0,positive,0.1714285714285714
1978534248823845206,553722611,"🚨We call $SPY

$SPY benefits from improving U.S. consumer spending, easing inflation pressures, and Fed’s September rate cut, boosting market sentiment and risk appetite.

Also watch 👉 $OPEN $IXHL $SBET

Join the fast traders club 🔗  https://t.co/j4XrIsE5DE https://t.co/w5RTpvjLvQ",2025-10-15 18:51:38+00:00,en,,0,0,positive,0.1
1978534030023758113,1976662869627342848,"🔥JUST IN: #Bitcoin 'Uptober' vibes hinge on Fed rate cut odds, According to Nasdaq and tech stock response. 😅
@BTCTN @cryptocom @coingecko https://t.co/e2KnVWlh9Q",2025-10-15 18:50:46+00:00,en,,0,0,neutral,0.0
1978533687797882917,1426699083243212809,"Only two weeks left until we get another rate cut by the Fed.

This is not the time to flip bearish!
#Altcoins #AltcoinSeason #ETH https://t.co/JDIqpKE5Hj",2025-10-15 18:49:25+00:00,en,,0,0,neutral,0.0
1978532391124697174,63411616,"ASIAN equities saw strong inflows in September, boosted by the US Federal Reserve’s first rate cut in nine months, expectations of further easing this year, and a weaker dollar that lifted demand for regional assets. https://t.co/hA3Th34m2C",2025-10-15 18:44:16+00:00,en,,0,0,positive,0.17083333333333334
1978532161369092377,1818410598817841153,@Ashcryptoreal if the fed rate cut in October last week then yes,2025-10-15 18:43:21+00:00,en,,5,0,neutral,0.0
1978531821592686658,1371883902265069569,"Only two weeks left until we get another rate cut by the Fed.

This is not the time to flip bearish! https://t.co/fxQGyKPkwe",2025-10-15 18:42:00+00:00,en,,46,6,neutral,0.0
1978530524026085560,1624530848572747777,"• Fed Chair Powell hinted at an imminent rate cut, potentially signaling the end of the tightening cycle, amid inflation concerns and trade disputes sparked by the current president. Trump battles China over soybeans ⚡️✴️ https://t.co/9jnxVFmSjY",2025-10-15 18:36:50+00:00,en,,0,0,neutral,0.0
1978529908134482233,1815091402704891904,"🎢 What’s happening?
•The Dow and S&amp;P 500 lost ~0.2% — losing steam after a decent run.  
•The Nasdaq, especially tech stocks, is under pressure as investors take profits.  
•Strong bank earnings gave a bit of fuel to hopes for an interest rate cut from the Fed.  
•But global",2025-10-15 18:34:24+00:00,en,,0,0,positive,0.05555555555555555
1978529904162701638,1490274682096226304,"BTC's 'Uptober' hinges on Fed rate cut odds &amp; Nasdaq/tech stocks' rxn.

BTC down 4.3% in Oct so far, but optimism on mth's bullish hist remains. Since '19, avg Oct gain ~20%, median ~15%. This yr lags, but mkts eye macro policy shifts for boost.

CME FedWatch: 96.7% prob for https://t.co/HaIOrUlEJY",2025-10-15 18:34:23+00:00,en,,0,0,neutral,-0.02777777777777779
1978528846094774512,1977901329814016000,"JUST IN: 📈 Bitcoin's performance in October may be influenced by Fed rate cut expectations affecting Nasdaq and tech stocks. 

🧠 Investors should monitor Fed decisions as they may impact Bitcoin and tech stocks.  

- via: Cointelegraph https://t.co/ZCpEATCEdQ https://t.co/e1TQDFhUhp",2025-10-15 18:30:10+00:00,en,,0,0,neutral,0.0
1978527176505909659,120148047,@kwabert @pdicarlotrader I’m thinking Fed rate cut is sell the news,2025-10-15 18:23:32+00:00,en,,1,0,neutral,0.0
1978527029395128811,1878388119541792768,"Why is the US stock market booming today: what’s powering Wall Street’s comeback? - See top Dow, S&amp;P 500, Nasdaq winners.
📈✅🇺🇲 https://t.co/dzFyTEdi39",2025-10-15 18:22:57+00:00,en,,0,0,positive,0.5
1978526628923031598,23320802,"Who would benefit the rate cut? Currently most goods American is buying are from China. Is rate cut will make me have more money in my bank account?
Fed's Miran sees China trade tensions as a further reason for quick rate cuts @CNBC https://t.co/BDXFAdTiOt",2025-10-15 18:21:22+00:00,en,,0,0,positive,0.26666666666666666
1978526528443965853,3866028473,"🚀 US stocks surging! Big bank earnings + tech rally + Fed cut hopes = Wall Street's biggest comeback. Dow up 300+, S&amp;P/Nasdaq flying. Rate relief incoming? #StockMarket #Fed",2025-10-15 18:20:58+00:00,en,,0,0,neutral,0.0
1978526383501680806,1892435928469381120,Fed Governor Miran signals rare rate cut outlook for rest of 2025 — dovish pivot could pressure Treasury yields and USD. Read full analysis on #tradekixai #Fed #rates,2025-10-15 18:20:23+00:00,en,,1,0,positive,0.32499999999999996
1978525612043321482,1893912133181800448,"@Kalshi The Fed’s rate-cut roulette wheel spins faster than Trump’s revolving door of economic contradictions. Reverse Robin Hood policies steal stability from workers to fund elite bailouts - now even Powell’s scissors can’t cut through this admin’s tangled mess.

September’s rate cut",2025-10-15 18:17:19+00:00,en,,0,0,neutral,0.012500000000000011
1978525070977913161,53591165,"A sharp slowdown in hiring poses a growing risk to the U.S. economy, Federal Reserve Chair Jerome Powell said, a sign that the Fed will likely cut its key interest rate twice more this year.

https://t.co/Fwa3doOzwr #USEconomy #InterestRates #FederalReserve #EconomicOutlook",2025-10-15 18:15:10+00:00,en,,0,0,positive,0.09375
1978524536317370746,1525036388781015042,"Bitcoin's ‘Uptober’ vibes hinge on Fed rate cut odds, Nasdaq and tech stocks’ response https://t.co/eOU54RxC7n",2025-10-15 18:13:03+00:00,en,,0,0,neutral,0.0
1978524296713478322,1588494286173396998,"[ Crypto News Alert! ] Bitcoin's ‘Uptober’ vibes hinge on Fed rate cut odds, Nasdaq and tech stocks’ response https://t.co/Z4RuRt2fAt",2025-10-15 18:12:06+00:00,en,,0,0,neutral,0.0
1978523689734869220,1698630559,"Bitcoin's ‘Uptober’ vibes hinge on Fed rate cut odds, Nasdaq and tech stocks’ response - https://t.co/uTlltRSJYY",2025-10-15 18:09:41+00:00,en,,0,1,neutral,0.0
1978523607522271278,165048917,Fed’s Miran says housing inflation key to rate cut views https://t.co/5UIBJ7DOkx,2025-10-15 18:09:21+00:00,en,,0,0,neutral,0.0
1978523398180376680,1901598281932931072,"📉 BITCOIN DOWN 4.3% IN OCTOBER: Can “Uptober” Still Deliver?
“Don’t judge Uptober by its first two weeks.”
#Bitcoin #Uptober #ETF #Fed #Crypto
Buying the dip or waiting for a confirmed breakout? 👇
Read:https://t.co/hdJMxFjZSS https://t.co/29YdSIQyRt",2025-10-15 18:08:31+00:00,en,,0,1,positive,0.16481481481481483
1978523175106531406,1951848041339871232,"Bitcoin's ‘Uptober’ vibes hinge on Fed rate cut odds, Nasdaq and tech stocks’ response

$INTC $PATH",2025-10-15 18:07:38+00:00,en,,0,0,neutral,0.0
1978522844247031870,1304501263795515392,Bitcoin's performance this October links to Fed rate cut prospects as tech stocks react positively! 📈,2025-10-15 18:06:19+00:00,en,,0,0,positive,0.28409090909090906
1978522473806053820,1963959507194720256,"If you are a real estate investor, the latest Fed rate cut could change your buying power and cash flow.  I’m an agent who offers landlord insurance through Steadily, and I’d love to help you re-evaluate your coverage in this new rate environment. https://t.co/3fy19KobRO",2025-10-15 18:04:51+00:00,en,,0,0,positive,0.26717171717171717
1978521958401630396,1977166783271272448,"Fed Rate Cut 🚀

The market is sending a clear message:

97.6% odds → Fed cuts to 400–425 bps
 
2.4% odds → No change, stays at 425–450 bps

This makes the September 17th FOMC one of the most one-sided bets in recent history

LFG.",2025-10-15 18:02:48+00:00,en,,0,0,positive,0.19999999999999998
1978521947878142233,1912834771409104896,"$JPM $GS

Dow Jones Industrial Average closes mixed, S&amp;P 500 and Nasdaq lower amid trade war concerns and Fed rate cut signals",2025-10-15 18:02:46+00:00,en,,0,0,negative,-0.075
1978521509913076135,1977057582440132608,"$DXY is going up after Fed rate cut.

Is this bearish?

In 2024, DXY went up 8.3% in just 3 months after Fed rate cuts.

During the same timeframe, BTC and ETH doubled while several alts pumped 5x-10x.

Maybe history is repeating itself again.",2025-10-15 18:01:01+00:00,en,,0,0,neutral,0.0
1978521431064387717,207023857,"Silver rallies on safe-haven demand amid US-China tensions, Fed rate cut bets #Silver #SilverTrading https://t.co/gM9X4LtusB",2025-10-15 18:00:42+00:00,en,,0,0,neutral,0.0
1978521427868258627,1898402645297283072,"$IWM Large companies in the American stock markets have reached a sufficient level of rise. As the Fed's interest rate cut approaches, I think the New Year's rally will now begin with small companies. I think the #IWM performance will be good for the next 3 months.🤫😃",2025-10-15 18:00:42+00:00,en,,1,0,positive,0.13344155844155844
1978521387255136689,824864893,"₿ Bitcoin's ‘Uptober’ performance is closely tied to Fed rate cut expectations. Nasdaq's reaction could signal institutional shifts. How will institutional portfolios adjust to this?

https://t.co/YEozeRfVrK #Cryptocurrency #BTC",2025-10-15 18:00:32+00:00,en,,0,0,neutral,0.0
1978521206753317068,808483502417215488,"BTC Uptober Depends On Fed Rate-Cut Odds, Stocks https://t.co/ms7HuPzgj1",2025-10-15 17:59:49+00:00,en,,0,0,neutral,0.0
1978521074418545026,1563138756022255620,"🟢 Fed rate cut odds now above 95%.
A clear bullish sign for markets — liquidity returning, risk appetite growing.

When money gets cheaper, crypto breathes again.

#Crypto #Finance #Markets #Update #Insight https://t.co/B9md9LMm6C",2025-10-15 17:59:17+00:00,en,,1,0,positive,0.05000000000000001
1978520995586592926,1938327431959744512,"Bitcoin's ‘Uptober’ vibes hinge on Fed rate cut odds, Nasdaq and tech stocks’ response
📢Over 25? You’ve already lost half your NAD.
Here’s how to get it back — and feel decades younger: https://t.co/srByIvibQV",2025-10-15 17:58:59+00:00,en,,0,0,negative,-0.05555555555555555
1978520932730683580,2403018667,"@seafullofsharks Every headline feels like it’s setting the stage for that next big rate cut. The game behind the scenes
You should stay glued to Unusualwhales telegram channel, search “unusualwhalestg” on Telegram. I’ve been glued to it for the sharpest takes on Fed moves and market reactions",2025-10-15 17:58:44+00:00,en,,1,0,negative,-0.2
1978520807522418796,997581688749379587,"Bitcoin’s ‘Uptober’ vibes hinge on Fed rate cut odds, Nasdaq and tech stocks’ response https://t.co/ke2f83fJRK",2025-10-15 17:58:14+00:00,en,,0,0,neutral,0.0
1978520181870608404,37390107,"Silver rallies on safe-haven demand amid US-China tensions, Fed rate cut bets #Silver #SilverTrading https://t.co/6PTQWU4yYH",2025-10-15 17:55:45+00:00,en,,0,0,neutral,0.0
1978520141131350065,1616571338201636866,@Kramaramb @grok @grok when was the last FED rate cut?,2025-10-15 17:55:35+00:00,en,,1,0,neutral,0.0
1978520100941508797,40949962,"Silver rallies on safe-haven demand amid US-China tensions, Fed rate cut bets #Silver #SilverTrading https://t.co/vfRDrxaOnv",2025-10-15 17:55:25+00:00,en,,0,0,neutral,0.0
1978519508932309302,1378081994622443521,"Crypto market rebounding 2.3% to $3.98T #Bitcoin holding $112K amid Fed rate cut odds (95%!), #Ethereum up 3.9% to $4,159 with $236M ETF inflows. AI tokens crushing it $COAI +26%, $TAO +10% while GameFi leads via $IMX +8%. Bhutan anchors national ID on #Ethereum 

#Crypto #DeFi",2025-10-15 17:53:04+00:00,en,,0,0,positive,0.4
1978519349573865920,206357839,"Silver rallies on safe-haven demand amid US-China tensions, Fed rate cut bets #Silver #SilverTrading https://t.co/TLD3wOiUE5",2025-10-15 17:52:26+00:00,en,,0,0,neutral,0.0
1978519288718803371,1480534608626298884,"🟠 New Bitcoin update

Bitcoin's ‘Uptober’ vibes hinge on Fed rate cut odds, Nasdaq and tech stocks’ response  
🔗 https://t.co/tfojXiJOu9  
#Bitcoin #BTC #CryptoNews https://t.co/m3aKgyeA6H",2025-10-15 17:52:12+00:00,en,,1,0,positive,0.13636363636363635
1978519045289766953,37390182,"Silver rallies on safe-haven demand amid US-China tensions, Fed rate cut bets #Silver #SilverTrading https://t.co/EHm82evE1Z",2025-10-15 17:51:14+00:00,en,,0,0,neutral,0.0
1978518874455732507,1854960854778707968,"Bitcoin's ‘Uptober’ vibes hinge on Fed rate cut odds, Nasdaq and tech stocks’ response 

Bitcoin’s remaining October performance depends on Fed rate cut odds, BTC ETF inflows and the path major US stocks chose to take.
 https://t.co/dcvgPc9Vw5 https://t.co/gXbruAn2va",2025-10-15 17:50:33+00:00,en,,0,0,positive,0.0625
1978518785762939293,1652541,"TSX hits record high on mining gains, Fed rate cut optimism https://t.co/rZla9cQJPu https://t.co/rZla9cQJPu",2025-10-15 17:50:12+00:00,en,,5,2,positive,0.16
1978518318655869180,1958035365551575040,"💵 Dollar weakens amid ongoing US-China trade friction
📸 Image: dollar note illustration 
🔗 https://t.co/77J2Us6q1w 
#Breaking",2025-10-15 17:48:20+00:00,en,,0,0,neutral,0.0
1978518248581685339,1854152335637000192,"🚀  Bitcoin's 'Uptober' vibes hinge on Fed rate cut odds, Nasdaq and tech stocks' response

🏢 Related Company: Bitcoin
🟡 Coins: #BTCUSDT

https://t.co/iw4LNbkwfK",2025-10-15 17:48:04+00:00,en,,3,0,neutral,0.0
1978517919450485124,1912834771409104896,"$crypto $COIN

Bitcoin's October rally hinges on Fed rate cut odds and Nasdaq's tech stock performance",2025-10-15 17:46:45+00:00,en,,0,0,neutral,0.0
1978517856091570201,1901056751195013121,"Bitcoin's ‘Uptober’ vibes hinge on F...

via Cointelegraph
&lt;![CDATA[https://t.co/SBdcqFygXG]]&gt;",2025-10-15 17:46:30+00:00,en,,1,0,neutral,0.0
1978517833207152657,1885343822127001600,🚀 October is shaping up to be a pivotal month for Bitcoin! 📈 The market is buzzing with anticipation as Fed rate cut odds grow. Will Nasdaq and tech stocks provide the boost we need? Let's keep an eye on these trends! 🔍 #Bitcoin #Uptober #Investing #C… https://t.co/e9dWiwOWmc,2025-10-15 17:46:25+00:00,en,,1,0,positive,0.78125
1978517718140703091,91806559,"Bitcoin's October surge is linked to rising hopes for a Fed rate cut, boosting tech stocks and the Nasdaq. 📈💰 Keep an eye on these trends as they could shape the market! #Bitcoin #CryptoTrends https://t.co/4zzJL5RvOJ",2025-10-15 17:45:57+00:00,en,,0,0,neutral,0.0
1978517589853655420,1606833215154561024,"Bitcoin and Ethereum ticked up today as whispers of a Fed rate cut sent risk traders buzzing 📈 — BTC jumped ~1.1%, ETH climbed ~4.8%. Barron's
Meanwhile, Monad just opened its airdrop to Solana users + Ethereum NFT holders ahead of its token launch 🔔 Decrypt+1",2025-10-15 17:45:27+00:00,en,,0,0,neutral,0.0
1978516914260279494,1912834771409104896,"Gold tests $4200 as Fed rate cut expectations fuel rally; Silver, Platinum face resistance",2025-10-15 17:42:46+00:00,en,,0,0,neutral,0.0
1978516750053294140,1680670328438116352,"🚨 BREAKING:

🇺🇸 OCTOBER RATE CUT ODDS NOW ABOVE 96.7%!

THE FED HAS LOST CONTROL..

THE LIQUIDITY FLOOD IS COMING

📌Join us for similar set up below 👇

https://t.co/XkGvbt0Coi

$ZKC    $WLFI $SC $GPT $CRO $GM $XRP $DOGE $BERA $SAGA $BOOP $SYRUP $BMT $KAITO $K $LAYER $GM  $DOG https://t.co/cQOkAMLRyw",2025-10-15 17:42:06+00:00,en,,0,0,neutral,0.0
1978516156840575249,1964202142417485825,"EUROPEAN STOCKS RISE ON 15 OCT 2025, LED BY LVMH'S 12.22% JUMP AFTER Q3 GROWTH. CAC 40 UP 1.99% AMID EASING FRENCH POLITICAL TENSIONS, WHILE DAX &amp; FTSE 100 DECLINE. MARKET SENTIMENT BOOSTED BY FED RATE CUT EXPECTATIONS.",2025-10-15 17:39:45+00:00,en,,0,0,neutral,0.0
1978515476239007931,1965505240754720768,"@LiebermanAustin @andrewrsorkin While bearish sentiment is justified, the S&amp;P 500 has a key mitigating factor: a strong 'Fed Put' expectation. Market pricing shows over 90% probability of an October rate cut, likely limiting the depth of any correction.",2025-10-15 17:37:03+00:00,en,,1,0,positive,0.20833333333333331
1978514751148753064,2541159535,"#Gold keeps climbing as traders bet on more #Fed rate cuts and the #USD weakens. Ongoing US-China tensions and the government shutdown push investors toward safe-haven assets. 

https://t.co/lkfTI10bNS

#trading #iforex #xauusd #oil #brent #wti #usd #eurusd #us500  #Stocks https://t.co/mYdMCm7y8N",2025-10-15 17:34:10+00:00,en,,1,0,positive,0.5
1978514574191034678,1886735011468230656,"🚨 Fed rate cut or not…
If Powell’s mood swings just to irritate Trump, the crypto market might end up on a ventilator 💀📉

#Bitcoin #CryptoMarket #FOMC #Powell #Trump #RateCut",2025-10-15 17:33:28+00:00,en,,1,0,neutral,0.0
1978512893520879971,14253238,30-year fixed mortgage set to fall sharply as Fed rate-cut hopes rise — turning point for homeowners to refinance and save big? https://t.co/WmXO884aTs,2025-10-15 17:26:47+00:00,en,,0,0,neutral,-0.008333333333333331
1978512030869979254,1845284643131830272,"Top Stock Movers Now: $AMD, $MS, $BAC, $PGR, and More

https://t.co/0lvZFvVN2L

Major U.S. equities indexes rose on strong bank earnings and Fed rate cut indications. Semiconductor stocks, led by Advanced Micro Devices (AMD), surged after announcing a deal with Oracle. Morgan",2025-10-15 17:23:21+00:00,en,,0,0,positive,0.4159722222222222
1978511742683505041,729290108,"@Cointelegraph If the interest rate is cut twice, it means that the economic growth momentum or the job market is slowing down, and the Fed hopes to support demand through loose policies.",2025-10-15 17:22:13+00:00,en,,0,0,neutral,-0.010826210826210833
1978511613658271827,1628411386039619586,"Tariff inflation may be the sleeper threat to the Fed’s rate cut strategy ✂️

Goldman Sachs warns that import duties have already added 0.44 points to core PCE inflation this year, and could push it another 0.6 points higher over two years as more costs shift to consumers. https://t.co/OSUpxr5ZWt",2025-10-15 17:21:42+00:00,en,,1,0,positive,0.375
1978511561388945657,1861369660836376576,"Global markets steadied with a cautious‑bullish tilt as Asia and Europe firmed and U.S. futures stayed constructive, with rate‑cut odds in focus ahead of late‑October Fed events and steady ECB guidance; tech and AI hardware led gains while energy and materials were mixed,",2025-10-15 17:21:29+00:00,en,,1,0,positive,0.05555555555555555
1978509114633273561,1909376539965186048,"Silver rallies on safe-haven demand amid US-China tensions, Fed rate cut bets

Silver (XAG/USD) resumes its rally on Wednesday, trading around $52.40 per troy ounce at the time of writing, up 2.40% on the day, as investors seek safety amid renewed global tensions and growing https://t.co/TeL2XshDcq",2025-10-15 17:11:46+00:00,en,,0,0,neutral,0.0
1978506403292840393,1720665183188922368,"@thanh_19892021 @Danny_Crypton Yes, according to CME FedWatch data from recent sources (as of Oct 15, 2025), the odds of a Fed rate cut at the October 28-29 meeting are around 97-99%, exceeding 96.7%. This is based on futures market probabilities. The claims about the Fed losing control are subjective",2025-10-15 17:01:00+00:00,en,,0,0,neutral,0.0
1978506297243836589,266137330,"The Fed’s first rate cut of 2025 means borrowing may get cheaper, but savings returns won’t be as high. Explore what this means for your finances in our latest blog. https://t.co/2m7NU0FwyH https://t.co/EriqLLr89L",2025-10-15 17:00:34+00:00,en,,0,0,positive,0.30333333333333334
1978506263811047926,1071217066483441665,"Jerome Powell signaled the central bank may stop shrinking its balance sheet in the coming months. He also indicated US labor-market prospects continue to worsen, a message that supports investors’ expectations for another interest-rate cut this month. https://t.co/lCOZfRZ4KR https://t.co/WU6apqzbbc",2025-10-15 17:00:26+00:00,en,,0,0,neutral,0.0
1978506150472544691,1952431334787620864,"Get Ready To Ride The Wave Of Market Volatility 
If BOJ Raises Rates Hedge Funds Will Cut Back Shorts
Oct. 29-30 BOJ Rate Decision
Oct 28-29 The Fed Rate Decision

#AMC #GME #Roaringkitty🔥 
#gmetothemoon #amctothestars💥 
#AMCNEVERLEAVING🍻 
@Ape4Nana🕯️ https://t.co/PlOM18efmH",2025-10-15 16:59:59+00:00,en,,1,0,positive,0.1
1978504723201249435,1491826285911412737,"🚨 BREAKING:

🇺🇸 OCTOBER RATE CUT ODDS NOW ABOVE 96.7%!

THE FED HAS LOST CONTROL..

THE LIQUIDITY FLOOD IS COMING https://t.co/s84xGuGl8p",2025-10-15 16:54:19+00:00,en,,9,4,neutral,0.0
1978504404321108038,1802752217704710144,"noted slowing payroll gains and rising employment risks but said longer-term inflation expectations remain anchored near the Fed’s 2% goal—remarks that lifted odds of another rate cut this month to 96%. However, markets wavered after President Trump accused China",2025-10-15 16:53:03+00:00,en,,0,0,positive,0.1
1978504318350426157,1884877595734351872,"‘No risk-free path’: Powell signals another rate cut as Fed weighs weak jobs, sticky inflation, Powell, in remarks to a National Association for Business Economics conference in Philadelphia, acknowledged the economic dilemma that has split U.S. central bank officials almost",2025-10-15 16:52:42+00:00,en,,0,0,negative,-0.09374999999999999
1978503873103798766,989480469099139072,@TheBigMoneyShow @BrianBrenberg @JackieDeAngelis @dagenmcdowell Fed chairman Jerome Powell should cut rate ONE FULL POINT!,2025-10-15 16:50:56+00:00,en,,1,0,positive,0.4375
1978502881729798179,1972378089989558272,"@DividendDude_X $SPY already +18% since last Fed cut in Sept 2024. 📊
Historical pattern clear: rate cuts = equity rallies.
Two more cuts by year-end could fuel another leg up for bulls. 🚀 https://t.co/mAVAQdPKnS",2025-10-15 16:47:00+00:00,en,,2,0,positive,0.15
1978502859462205874,1972378089989558272,"$SPY up 14.7% since first Fed rate cut (Sept 18) - $QQQ surging 22.7% 📈

Two more cuts in 2025 could push tech higher - historical rate cut cycles show 6-9 month equity rallies 🚀

Tech outperforming market by 8% in easing cycle 💰 https://t.co/BaSp88rQjK",2025-10-15 16:46:55+00:00,en,,0,0,positive,0.25
1978501170835456449,1665881560892030976,"🚨 BREAKING:

🇺🇸 OCTOBER RATE CUT ODDS NOW ABOVE 96.7%!

THE FED HAS LOST CONTROL..

THE LIQUIDITY FLOOD IS COMING https://t.co/0p6iLEfFTr",2025-10-15 16:40:12+00:00,en,,2,0,neutral,0.0
1978500455517880817,1970668275781480448,"🚨 BREAKING :

🇺🇸 OCTOBER RATE CUT ODDS NOW ABOVE 96.7%!

THE FED HAS LOST CONTROL..

THE LIQUIDITY FLOOD IS COMING ... 

#FederalReserve #Fed #Crypto https://t.co/PljaGSemPv",2025-10-15 16:37:22+00:00,en,,2,0,neutral,0.0
1978500247979459013,37390107,US Dollar Forecast: Threatening Key Support as Fed Rate Cut Bets Strengthen #USD #Forex #FX #Trading https://t.co/kwje9yrvTg,2025-10-15 16:36:32+00:00,en,,0,0,neutral,0.0
1978499902557557162,40949962,US Dollar Forecast: Threatening Key Support as Fed Rate Cut Bets Strengthen #USD #Forex #FX #Trading https://t.co/fX0LN3Hyxp,2025-10-15 16:35:10+00:00,en,,0,0,neutral,0.0
1978499649360032119,37390182,US Dollar Forecast: Threatening Key Support as Fed Rate Cut Bets Strengthen #USD #Forex #FX #Trading https://t.co/ts5XRC9kxo,2025-10-15 16:34:09+00:00,en,,0,0,neutral,0.0
1978499336674668918,1388629449839628289,"🇺🇸 UPDATE:

 Fed’s Miran said two more rate cuts this year look realistic.

Alot of Fed representators have said that. 

Maybe we can see a rate cut in October. https://t.co/mnq9U4X5NT",2025-10-15 16:32:55+00:00,en,,23,3,positive,0.3333333333333333
1978499285105700997,207023857,US Dollar Forecast: Threatening Key Support as Fed Rate Cut Bets Strengthen #USD #Forex #FX #Trading https://t.co/xavtqvr1Yv,2025-10-15 16:32:42+00:00,en,,0,0,neutral,0.0
1978499281678942632,206357839,US Dollar Forecast: Threatening Key Support as Fed Rate Cut Bets Strengthen #USD #Forex #FX #Trading https://t.co/bCk9nIU3mL,2025-10-15 16:32:42+00:00,en,,0,0,neutral,0.0
1978499188058177836,1776895022190993408,"🇺🇸🇨🇳 FED’S MIRAN: TRADE TENSIONS WITH CHINA MAKE RATE CUTS MORE URGENT

🔹 Federal Reserve Governor Stephen Miran said that rising U.S.–China trade tensions and Beijing’s restrictions on rare earth exports have increased economic risks, making it more urgent for the Fed to cut https://t.co/dvCKnRyqRB",2025-10-15 16:32:19+00:00,en,,2,0,positive,0.375
1978498650520395904,1851059480932597761,"Dollar-Won Exchange Rate Expected to See Limited Upside as Fed Rate Cut Bets Revive - (Seoul=Yonhap Infomax) Sun Young Jung – On the 15th, dealers in Seoul’s foreign exchange market anti...
https://t.co/27xdiLjKZR",2025-10-15 16:30:11+00:00,en,,0,0,neutral,-0.049107142857142856
1978498243081204211,1966766114517458944,"nftcrypto_shark As I said, 25bp is priced in.  We get volatility to the up side when there is uncertainty in the rate decision and the Fed chooses to cut more than is priced in.  September 2024 is a great example",2025-10-15 16:28:34+00:00,en,,0,0,positive,0.65
1978497156542558303,1730040171255525376,"@NewsLambert A sluggish rate cut by the Fed is like that.
Corrupt manipulation,  in my opinion.",2025-10-15 16:24:15+00:00,en,,0,0,negative,-0.5
1978496626177012080,49039307,"@WallStreetMav It is ironic people think stocks and crypto will fly after fed cut rate. instead, gold and silver fly.",2025-10-15 16:22:09+00:00,en,,0,0,positive,0.6
1978495990114996600,1843963694893416449,The Fed’s next interest rate decision is coming October 29th. Do you think Chairman Jerome Powell will announce a rate cut?,2025-10-15 16:19:37+00:00,en,,0,0,neutral,0.0
1978495130211381576,1618393724047835138,"Fed rate cut?
https://t.co/99Th2Azrzt",2025-10-15 16:16:12+00:00,en,,0,0,neutral,0.0
1978538578578690547,1882086254725980160,"Fed's St. Louis chief backs rate cut amid rising labor market risks. Inflation remains above target, but employment concerns prompt policy shift. #SPY https://t.co/ghx0OmA6oS",2025-10-15 19:08:51+00:00,en,,0,0,neutral,0.0
1978538373003309546,1338601494132744193,"Yup easiest money in my life! @RaoulGMI 

Also put 50 bps rate cut in october and 50 in december as hedge. 

Trade against me: https://t.co/omxidaf2km https://t.co/FXeU0P7WsL",2025-10-15 19:08:02+00:00,en,,0,0,neutral,0.0
1978538038226502131,3220826437,"Discover what history reveals about stocks when the Fed eases rates—insights on market trends, sector shifts, and opportunities during rate cut cycles. https://t.co/BjmJYI42rq https://t.co/GqRPOCIubj",2025-10-15 19:06:42+00:00,en,,0,0,neutral,0.0
1978536881055801760,3086727432,"BTC Uptober Depends On Fed Rate-Cut Odds, Stocks https://t.co/8ueW0PU7TS",2025-10-15 19:02:06+00:00,en,,0,0,neutral,0.0
1978536616101572622,1882086254725980160,"Federal Reserve Bank of St. Louis President James Bullard supports a rate cut amid concerns over labor market risks, signaling subtle shifts in monetary policy outlook. #Fed #InterestRates #Economy",2025-10-15 19:01:03+00:00,en,,0,0,negative,-0.3333333333333333
1978536593112646047,1972696916917104640,"Fed’s Rate Cut Brings New Opportunities for Homebuyers
https://t.co/kIka6pJ4XZ
#SacramentoMortgage #SacMortgage #SacramentoHomeLoans #SacramentoMortgageBroker #SacramentoMortgageRates #SacramentoLoans",2025-10-15 19:00:57+00:00,en,,0,0,positive,0.13636363636363635
1978536579913105788,102851114,"After waiting for nearly a year, the Federal Reserve has cut interest rates. Here's a look at what that means for someone buying a vehicle. https://t.co/dCKvZa9DAc",2025-10-15 19:00:54+00:00,en,,0,0,positive,0.1
1978535857809203684,1814722511067652096,"Bitcoin's ‘Uptober’ vibes hinge on Fed rate cut odds, Nasdaq and tech stocks’ response
Bitcoin’s remaining October performance depends on Fed rate cut odds, $BTC $ETF inflows and the path major US stocks chose to take.",2025-10-15 18:58:02+00:00,en,,2,0,positive,0.0625
1978535681254130060,1814722511067652096,"Bitcoin's ‘Uptober’ vibes hinge on Fed rate cut odds, Nasdaq and tech stocks’ response
Bitcoin’s remaining October performance depends on Fed rate cut odds, #BTC #ETF inflows and the path major US stocks chose to take.",2025-10-15 18:57:20+00:00,en,,1,0,positive,0.0625
1978535197873221931,172134623,"End of QT + rate cut(s) are bullish for stocks

Growth stocks (long duration assets) likely to be the prime beneficiaries of monetary easing. Current situation similar to the late 1998 cuts by the Fed and we know what happened in 1999. $NDX $SPX https://t.co/XDrawph5KN",2025-10-15 18:55:25+00:00,en,,0,0,negative,-0.06999999999999999
1978534622758908002,91455910,Fed Chair Again Emphasizes No ‘Risk-Free Path’ as Rate Cut Seems More Certain https://t.co/5pcrzSZvx6 https://t.co/eRpiYS6EEj,2025-10-15 18:53:08+00:00,en,,0,0,positive,0.1714285714285714
1978534248823845206,553722611,"🚨We call $SPY

$SPY benefits from improving U.S. consumer spending, easing inflation pressures, and Fed’s September rate cut, boosting market sentiment and risk appetite.

Also watch 👉 $OPEN $IXHL $SBET

Join the fast traders club 🔗  https://t.co/j4XrIsE5DE https://t.co/w5RTpvjLvQ",2025-10-15 18:51:38+00:00,en,,0,0,positive,0.1
1978534030023758113,1976662869627342848,"🔥JUST IN: #Bitcoin 'Uptober' vibes hinge on Fed rate cut odds, According to Nasdaq and tech stock response. 😅
@BTCTN @cryptocom @coingecko https://t.co/e2KnVWlh9Q",2025-10-15 18:50:46+00:00,en,,0,0,neutral,0.0
1978533687797882917,1426699083243212809,"Only two weeks left until we get another rate cut by the Fed.

This is not the time to flip bearish!
#Altcoins #AltcoinSeason #ETH https://t.co/JDIqpKE5Hj",2025-10-15 18:49:25+00:00,en,,0,0,neutral,0.0
1978532391124697174,63411616,"ASIAN equities saw strong inflows in September, boosted by the US Federal Reserve’s first rate cut in nine months, expectations of further easing this year, and a weaker dollar that lifted demand for regional assets. https://t.co/hA3Th34m2C",2025-10-15 18:44:16+00:00,en,,0,0,positive,0.17083333333333334
1978532161369092377,1818410598817841153,@Ashcryptoreal if the fed rate cut in October last week then yes,2025-10-15 18:43:21+00:00,en,,5,0,neutral,0.0
1978531821592686658,1371883902265069569,"Only two weeks left until we get another rate cut by the Fed.

This is not the time to flip bearish! https://t.co/fxQGyKPkwe",2025-10-15 18:42:00+00:00,en,,46,6,neutral,0.0
1978530524026085560,1624530848572747777,"• Fed Chair Powell hinted at an imminent rate cut, potentially signaling the end of the tightening cycle, amid inflation concerns and trade disputes sparked by the current president. Trump battles China over soybeans ⚡️✴️ https://t.co/9jnxVFmSjY",2025-10-15 18:36:50+00:00,en,,0,0,neutral,0.0
1978529908134482233,1815091402704891904,"🎢 What’s happening?
•The Dow and S&amp;P 500 lost ~0.2% — losing steam after a decent run.  
•The Nasdaq, especially tech stocks, is under pressure as investors take profits.  
•Strong bank earnings gave a bit of fuel to hopes for an interest rate cut from the Fed.  
•But global",2025-10-15 18:34:24+00:00,en,,0,0,positive,0.05555555555555555
1978529904162701638,1490274682096226304,"BTC's 'Uptober' hinges on Fed rate cut odds &amp; Nasdaq/tech stocks' rxn.

BTC down 4.3% in Oct so far, but optimism on mth's bullish hist remains. Since '19, avg Oct gain ~20%, median ~15%. This yr lags, but mkts eye macro policy shifts for boost.

CME FedWatch: 96.7% prob for https://t.co/HaIOrUlEJY",2025-10-15 18:34:23+00:00,en,,0,0,neutral,-0.02777777777777779
1978528846094774512,1977901329814016000,"JUST IN: 📈 Bitcoin's performance in October may be influenced by Fed rate cut expectations affecting Nasdaq and tech stocks. 

🧠 Investors should monitor Fed decisions as they may impact Bitcoin and tech stocks.  

- via: Cointelegraph https://t.co/ZCpEATCEdQ https://t.co/e1TQDFhUhp",2025-10-15 18:30:10+00:00,en,,0,0,neutral,0.0
1978527176505909659,120148047,@kwabert @pdicarlotrader I’m thinking Fed rate cut is sell the news,2025-10-15 18:23:32+00:00,en,,1,0,neutral,0.0
1978527029395128811,1878388119541792768,"Why is the US stock market booming today: what’s powering Wall Street’s comeback? - See top Dow, S&amp;P 500, Nasdaq winners.
📈✅🇺🇲 https://t.co/dzFyTEdi39",2025-10-15 18:22:57+00:00,en,,0,0,positive,0.5
1978526628923031598,23320802,"Who would benefit the rate cut? Currently most goods American is buying are from China. Is rate cut will make me have more money in my bank account?
Fed's Miran sees China trade tensions as a further reason for quick rate cuts @CNBC https://t.co/BDXFAdTiOt",2025-10-15 18:21:22+00:00,en,,0,0,positive,0.26666666666666666
1978526528443965853,3866028473,"🚀 US stocks surging! Big bank earnings + tech rally + Fed cut hopes = Wall Street's biggest comeback. Dow up 300+, S&amp;P/Nasdaq flying. Rate relief incoming? #StockMarket #Fed",2025-10-15 18:20:58+00:00,en,,0,0,neutral,0.0
1978526383501680806,1892435928469381120,Fed Governor Miran signals rare rate cut outlook for rest of 2025 — dovish pivot could pressure Treasury yields and USD. Read full analysis on #tradekixai #Fed #rates,2025-10-15 18:20:23+00:00,en,,1,0,positive,0.32499999999999996
1978525612043321482,1893912133181800448,"@Kalshi The Fed’s rate-cut roulette wheel spins faster than Trump’s revolving door of economic contradictions. Reverse Robin Hood policies steal stability from workers to fund elite bailouts - now even Powell’s scissors can’t cut through this admin’s tangled mess.

September’s rate cut",2025-10-15 18:17:19+00:00,en,,0,0,neutral,0.012500000000000011
1978525070977913161,53591165,"A sharp slowdown in hiring poses a growing risk to the U.S. economy, Federal Reserve Chair Jerome Powell said, a sign that the Fed will likely cut its key interest rate twice more this year.

https://t.co/Fwa3doOzwr #USEconomy #InterestRates #FederalReserve #EconomicOutlook",2025-10-15 18:15:10+00:00,en,,0,0,positive,0.09375
1978524536317370746,1525036388781015042,"Bitcoin's ‘Uptober’ vibes hinge on Fed rate cut odds, Nasdaq and tech stocks’ response https://t.co/eOU54RxC7n",2025-10-15 18:13:03+00:00,en,,0,0,neutral,0.0
1978524296713478322,1588494286173396998,"[ Crypto News Alert! ] Bitcoin's ‘Uptober’ vibes hinge on Fed rate cut odds, Nasdaq and tech stocks’ response https://t.co/Z4RuRt2fAt",2025-10-15 18:12:06+00:00,en,,0,0,neutral,0.0
1978523689734869220,1698630559,"Bitcoin's ‘Uptober’ vibes hinge on Fed rate cut odds, Nasdaq and tech stocks’ response - https://t.co/uTlltRSJYY",2025-10-15 18:09:41+00:00,en,,0,1,neutral,0.0
1978523607522271278,165048917,Fed’s Miran says housing inflation key to rate cut views https://t.co/5UIBJ7DOkx,2025-10-15 18:09:21+00:00,en,,0,0,neutral,0.0
1978523398180376680,1901598281932931072,"📉 BITCOIN DOWN 4.3% IN OCTOBER: Can “Uptober” Still Deliver?
“Don’t judge Uptober by its first two weeks.”
#Bitcoin #Uptober #ETF #Fed #Crypto
Buying the dip or waiting for a confirmed breakout? 👇
Read:https://t.co/hdJMxFjZSS https://t.co/29YdSIQyRt",2025-10-15 18:08:31+00:00,en,,0,1,positive,0.16481481481481483
1978523175106531406,1951848041339871232,"Bitcoin's ‘Uptober’ vibes hinge on Fed rate cut odds, Nasdaq and tech stocks’ response

$INTC $PATH",2025-10-15 18:07:38+00:00,en,,0,0,neutral,0.0
1978522844247031870,1304501263795515392,Bitcoin's performance this October links to Fed rate cut prospects as tech stocks react positively! 📈,2025-10-15 18:06:19+00:00,en,,0,0,positive,0.28409090909090906
1978522473806053820,1963959507194720256,"If you are a real estate investor, the latest Fed rate cut could change your buying power and cash flow.  I’m an agent who offers landlord insurance through Steadily, and I’d love to help you re-evaluate your coverage in this new rate environment. https://t.co/3fy19KobRO",2025-10-15 18:04:51+00:00,en,,0,0,positive,0.26717171717171717
1978521958401630396,1977166783271272448,"Fed Rate Cut 🚀

The market is sending a clear message:

97.6% odds → Fed cuts to 400–425 bps
 
2.4% odds → No change, stays at 425–450 bps

This makes the September 17th FOMC one of the most one-sided bets in recent history

LFG.",2025-10-15 18:02:48+00:00,en,,0,0,positive,0.19999999999999998
1978521947878142233,1912834771409104896,"$JPM $GS

Dow Jones Industrial Average closes mixed, S&amp;P 500 and Nasdaq lower amid trade war concerns and Fed rate cut signals",2025-10-15 18:02:46+00:00,en,,0,0,negative,-0.075
1978521509913076135,1977057582440132608,"$DXY is going up after Fed rate cut.

Is this bearish?

In 2024, DXY went up 8.3% in just 3 months after Fed rate cuts.

During the same timeframe, BTC and ETH doubled while several alts pumped 5x-10x.

Maybe history is repeating itself again.",2025-10-15 18:01:01+00:00,en,,0,0,neutral,0.0
1978521431064387717,207023857,"Silver rallies on safe-haven demand amid US-China tensions, Fed rate cut bets #Silver #SilverTrading https://t.co/gM9X4LtusB",2025-10-15 18:00:42+00:00,en,,0,0,neutral,0.0
1978521427868258627,1898402645297283072,"$IWM Large companies in the American stock markets have reached a sufficient level of rise. As the Fed's interest rate cut approaches, I think the New Year's rally will now begin with small companies. I think the #IWM performance will be good for the next 3 months.🤫😃",2025-10-15 18:00:42+00:00,en,,1,0,positive,0.13344155844155844
1978521387255136689,824864893,"₿ Bitcoin's ‘Uptober’ performance is closely tied to Fed rate cut expectations. Nasdaq's reaction could signal institutional shifts. How will institutional portfolios adjust to this?

https://t.co/YEozeRfVrK #Cryptocurrency #BTC",2025-10-15 18:00:32+00:00,en,,0,0,neutral,0.0
1978521206753317068,808483502417215488,"BTC Uptober Depends On Fed Rate-Cut Odds, Stocks https://t.co/ms7HuPzgj1",2025-10-15 17:59:49+00:00,en,,0,0,neutral,0.0
1978521074418545026,1563138756022255620,"🟢 Fed rate cut odds now above 95%.
A clear bullish sign for markets — liquidity returning, risk appetite growing.

When money gets cheaper, crypto breathes again.

#Crypto #Finance #Markets #Update #Insight https://t.co/B9md9LMm6C",2025-10-15 17:59:17+00:00,en,,1,0,positive,0.05000000000000001
1978520995586592926,1938327431959744512,"Bitcoin's ‘Uptober’ vibes hinge on Fed rate cut odds, Nasdaq and tech stocks’ response
📢Over 25? You’ve already lost half your NAD.
Here’s how to get it back — and feel decades younger: https://t.co/srByIvibQV",2025-10-15 17:58:59+00:00,en,,0,0,negative,-0.05555555555555555
1978520932730683580,2403018667,"@seafullofsharks Every headline feels like it’s setting the stage for that next big rate cut. The game behind the scenes
You should stay glued to Unusualwhales telegram channel, search “unusualwhalestg” on Telegram. I’ve been glued to it for the sharpest takes on Fed moves and market reactions",2025-10-15 17:58:44+00:00,en,,1,0,negative,-0.2
1978520807522418796,997581688749379587,"Bitcoin’s ‘Uptober’ vibes hinge on Fed rate cut odds, Nasdaq and tech stocks’ response https://t.co/ke2f83fJRK",2025-10-15 17:58:14+00:00,en,,0,0,neutral,0.0
1978520181870608404,37390107,"Silver rallies on safe-haven demand amid US-China tensions, Fed rate cut bets #Silver #SilverTrading https://t.co/6PTQWU4yYH",2025-10-15 17:55:45+00:00,en,,0,0,neutral,0.0
1978520141131350065,1616571338201636866,@Kramaramb @grok @grok when was the last FED rate cut?,2025-10-15 17:55:35+00:00,en,,1,0,neutral,0.0
1978520100941508797,40949962,"Silver rallies on safe-haven demand amid US-China tensions, Fed rate cut bets #Silver #SilverTrading https://t.co/vfRDrxaOnv",2025-10-15 17:55:25+00:00,en,,0,0,neutral,0.0
1978519508932309302,1378081994622443521,"Crypto market rebounding 2.3% to $3.98T #Bitcoin holding $112K amid Fed rate cut odds (95%!), #Ethereum up 3.9% to $4,159 with $236M ETF inflows. AI tokens crushing it $COAI +26%, $TAO +10% while GameFi leads via $IMX +8%. Bhutan anchors national ID on #Ethereum 

#Crypto #DeFi",2025-10-15 17:53:04+00:00,en,,0,0,positive,0.4
1978519349573865920,206357839,"Silver rallies on safe-haven demand amid US-China tensions, Fed rate cut bets #Silver #SilverTrading https://t.co/TLD3wOiUE5",2025-10-15 17:52:26+00:00,en,,0,0,neutral,0.0
1978519288718803371,1480534608626298884,"🟠 New Bitcoin update

Bitcoin's ‘Uptober’ vibes hinge on Fed rate cut odds, Nasdaq and tech stocks’ response  
🔗 https://t.co/tfojXiJOu9  
#Bitcoin #BTC #CryptoNews https://t.co/m3aKgyeA6H",2025-10-15 17:52:12+00:00,en,,1,0,positive,0.13636363636363635
1978519045289766953,37390182,"Silver rallies on safe-haven demand amid US-China tensions, Fed rate cut bets #Silver #SilverTrading https://t.co/EHm82evE1Z",2025-10-15 17:51:14+00:00,en,,0,0,neutral,0.0
1978518874455732507,1854960854778707968,"Bitcoin's ‘Uptober’ vibes hinge on Fed rate cut odds, Nasdaq and tech stocks’ response 

Bitcoin’s remaining October performance depends on Fed rate cut odds, BTC ETF inflows and the path major US stocks chose to take.
 https://t.co/dcvgPc9Vw5 https://t.co/gXbruAn2va",2025-10-15 17:50:33+00:00,en,,0,0,positive,0.0625
1978518785762939293,1652541,"TSX hits record high on mining gains, Fed rate cut optimism https://t.co/rZla9cQJPu https://t.co/rZla9cQJPu",2025-10-15 17:50:12+00:00,en,,5,2,positive,0.16
1978518318655869180,1958035365551575040,"💵 Dollar weakens amid ongoing US-China trade friction
📸 Image: dollar note illustration 
🔗 https://t.co/77J2Us6q1w 
#Breaking",2025-10-15 17:48:20+00:00,en,,0,0,neutral,0.0
1978518248581685339,1854152335637000192,"🚀  Bitcoin's 'Uptober' vibes hinge on Fed rate cut odds, Nasdaq and tech stocks' response

🏢 Related Company: Bitcoin
🟡 Coins: #BTCUSDT

https://t.co/iw4LNbkwfK",2025-10-15 17:48:04+00:00,en,,3,0,neutral,0.0
1978517919450485124,1912834771409104896,"$crypto $COIN

Bitcoin's October rally hinges on Fed rate cut odds and Nasdaq's tech stock performance",2025-10-15 17:46:45+00:00,en,,0,0,neutral,0.0
1978517856091570201,1901056751195013121,"Bitcoin's ‘Uptober’ vibes hinge on F...

via Cointelegraph
&lt;![CDATA[https://t.co/SBdcqFygXG]]&gt;",2025-10-15 17:46:30+00:00,en,,1,0,neutral,0.0
1978517833207152657,1885343822127001600,🚀 October is shaping up to be a pivotal month for Bitcoin! 📈 The market is buzzing with anticipation as Fed rate cut odds grow. Will Nasdaq and tech stocks provide the boost we need? Let's keep an eye on these trends! 🔍 #Bitcoin #Uptober #Investing #C… https://t.co/e9dWiwOWmc,2025-10-15 17:46:25+00:00,en,,1,0,positive,0.78125
1978517718140703091,91806559,"Bitcoin's October surge is linked to rising hopes for a Fed rate cut, boosting tech stocks and the Nasdaq. 📈💰 Keep an eye on these trends as they could shape the market! #Bitcoin #CryptoTrends https://t.co/4zzJL5RvOJ",2025-10-15 17:45:57+00:00,en,,0,0,neutral,0.0
1978517589853655420,1606833215154561024,"Bitcoin and Ethereum ticked up today as whispers of a Fed rate cut sent risk traders buzzing 📈 — BTC jumped ~1.1%, ETH climbed ~4.8%. Barron's
Meanwhile, Monad just opened its airdrop to Solana users + Ethereum NFT holders ahead of its token launch 🔔 Decrypt+1",2025-10-15 17:45:27+00:00,en,,0,0,neutral,0.0
1978516914260279494,1912834771409104896,"Gold tests $4200 as Fed rate cut expectations fuel rally; Silver, Platinum face resistance",2025-10-15 17:42:46+00:00,en,,0,0,neutral,0.0
1978516750053294140,1680670328438116352,"🚨 BREAKING:

🇺🇸 OCTOBER RATE CUT ODDS NOW ABOVE 96.7%!

THE FED HAS LOST CONTROL..

THE LIQUIDITY FLOOD IS COMING

📌Join us for similar set up below 👇

https://t.co/XkGvbt0Coi

$ZKC    $WLFI $SC $GPT $CRO $GM $XRP $DOGE $BERA $SAGA $BOOP $SYRUP $BMT $KAITO $K $LAYER $GM  $DOG https://t.co/cQOkAMLRyw",2025-10-15 17:42:06+00:00,en,,0,0,neutral,0.0
1978516156840575249,1964202142417485825,"EUROPEAN STOCKS RISE ON 15 OCT 2025, LED BY LVMH'S 12.22% JUMP AFTER Q3 GROWTH. CAC 40 UP 1.99% AMID EASING FRENCH POLITICAL TENSIONS, WHILE DAX &amp; FTSE 100 DECLINE. MARKET SENTIMENT BOOSTED BY FED RATE CUT EXPECTATIONS.",2025-10-15 17:39:45+00:00,en,,0,0,neutral,0.0
1978515476239007931,1965505240754720768,"@LiebermanAustin @andrewrsorkin While bearish sentiment is justified, the S&amp;P 500 has a key mitigating factor: a strong 'Fed Put' expectation. Market pricing shows over 90% probability of an October rate cut, likely limiting the depth of any correction.",2025-10-15 17:37:03+00:00,en,,1,0,positive,0.20833333333333331
1978514751148753064,2541159535,"#Gold keeps climbing as traders bet on more #Fed rate cuts and the #USD weakens. Ongoing US-China tensions and the government shutdown push investors toward safe-haven assets. 

https://t.co/lkfTI10bNS

#trading #iforex #xauusd #oil #brent #wti #usd #eurusd #us500  #Stocks https://t.co/mYdMCm7y8N",2025-10-15 17:34:10+00:00,en,,1,0,positive,0.5
1978514574191034678,1886735011468230656,"🚨 Fed rate cut or not…
If Powell’s mood swings just to irritate Trump, the crypto market might end up on a ventilator 💀📉

#Bitcoin #CryptoMarket #FOMC #Powell #Trump #RateCut",2025-10-15 17:33:28+00:00,en,,1,0,neutral,0.0
1978512893520879971,14253238,30-year fixed mortgage set to fall sharply as Fed rate-cut hopes rise — turning point for homeowners to refinance and save big? https://t.co/WmXO884aTs,2025-10-15 17:26:47+00:00,en,,0,0,neutral,-0.008333333333333331
1978512030869979254,1845284643131830272,"Top Stock Movers Now: $AMD, $MS, $BAC, $PGR, and More

https://t.co/0lvZFvVN2L

Major U.S. equities indexes rose on strong bank earnings and Fed rate cut indications. Semiconductor stocks, led by Advanced Micro Devices (AMD), surged after announcing a deal with Oracle. Morgan",2025-10-15 17:23:21+00:00,en,,0,0,positive,0.4159722222222222
1978511742683505041,729290108,"@Cointelegraph If the interest rate is cut twice, it means that the economic growth momentum or the job market is slowing down, and the Fed hopes to support demand through loose policies.",2025-10-15 17:22:13+00:00,en,,0,0,neutral,-0.010826210826210833
1978511613658271827,1628411386039619586,"Tariff inflation may be the sleeper threat to the Fed’s rate cut strategy ✂️

Goldman Sachs warns that import duties have already added 0.44 points to core PCE inflation this year, and could push it another 0.6 points higher over two years as more costs shift to consumers. https://t.co/OSUpxr5ZWt",2025-10-15 17:21:42+00:00,en,,1,0,positive,0.375
1978511561388945657,1861369660836376576,"Global markets steadied with a cautious‑bullish tilt as Asia and Europe firmed and U.S. futures stayed constructive, with rate‑cut odds in focus ahead of late‑October Fed events and steady ECB guidance; tech and AI hardware led gains while energy and materials were mixed,",2025-10-15 17:21:29+00:00,en,,1,0,positive,0.05555555555555555
1978509114633273561,1909376539965186048,"Silver rallies on safe-haven demand amid US-China tensions, Fed rate cut bets

Silver (XAG/USD) resumes its rally on Wednesday, trading around $52.40 per troy ounce at the time of writing, up 2.40% on the day, as investors seek safety amid renewed global tensions and growing https://t.co/TeL2XshDcq",2025-10-15 17:11:46+00:00,en,,0,0,neutral,0.0
1978506403292840393,1720665183188922368,"@thanh_19892021 @Danny_Crypton Yes, according to CME FedWatch data from recent sources (as of Oct 15, 2025), the odds of a Fed rate cut at the October 28-29 meeting are around 97-99%, exceeding 96.7%. This is based on futures market probabilities. The claims about the Fed losing control are subjective",2025-10-15 17:01:00+00:00,en,,0,0,neutral,0.0
1978506297243836589,266137330,"The Fed’s first rate cut of 2025 means borrowing may get cheaper, but savings returns won’t be as high. Explore what this means for your finances in our latest blog. https://t.co/2m7NU0FwyH https://t.co/EriqLLr89L",2025-10-15 17:00:34+00:00,en,,0,0,positive,0.30333333333333334
1978506263811047926,1071217066483441665,"Jerome Powell signaled the central bank may stop shrinking its balance sheet in the coming months. He also indicated US labor-market prospects continue to worsen, a message that supports investors’ expectations for another interest-rate cut this month. https://t.co/lCOZfRZ4KR https://t.co/WU6apqzbbc",2025-10-15 17:00:26+00:00,en,,0,0,neutral,0.0
1978506150472544691,1952431334787620864,"Get Ready To Ride The Wave Of Market Volatility 
If BOJ Raises Rates Hedge Funds Will Cut Back Shorts
Oct. 29-30 BOJ Rate Decision
Oct 28-29 The Fed Rate Decision

#AMC #GME #Roaringkitty🔥 
#gmetothemoon #amctothestars💥 
#AMCNEVERLEAVING🍻 
@Ape4Nana🕯️ https://t.co/PlOM18efmH",2025-10-15 16:59:59+00:00,en,,1,0,positive,0.1
1978504723201249435,1491826285911412737,"🚨 BREAKING:

🇺🇸 OCTOBER RATE CUT ODDS NOW ABOVE 96.7%!

THE FED HAS LOST CONTROL..

THE LIQUIDITY FLOOD IS COMING https://t.co/s84xGuGl8p",2025-10-15 16:54:19+00:00,en,,9,4,neutral,0.0
1978504404321108038,1802752217704710144,"noted slowing payroll gains and rising employment risks but said longer-term inflation expectations remain anchored near the Fed’s 2% goal—remarks that lifted odds of another rate cut this month to 96%. However, markets wavered after President Trump accused China",2025-10-15 16:53:03+00:00,en,,0,0,positive,0.1
1978504318350426157,1884877595734351872,"‘No risk-free path’: Powell signals another rate cut as Fed weighs weak jobs, sticky inflation, Powell, in remarks to a National Association for Business Economics conference in Philadelphia, acknowledged the economic dilemma that has split U.S. central bank officials almost",2025-10-15 16:52:42+00:00,en,,0,0,negative,-0.09374999999999999
1978503873103798766,989480469099139072,@TheBigMoneyShow @BrianBrenberg @JackieDeAngelis @dagenmcdowell Fed chairman Jerome Powell should cut rate ONE FULL POINT!,2025-10-15 16:50:56+00:00,en,,1,0,positive,0.4375
1978502881729798179,1972378089989558272,"@DividendDude_X $SPY already +18% since last Fed cut in Sept 2024. 📊
Historical pattern clear: rate cuts = equity rallies.
Two more cuts by year-end could fuel another leg up for bulls. 🚀 https://t.co/mAVAQdPKnS",2025-10-15 16:47:00+00:00,en,,2,0,positive,0.15
1978502859462205874,1972378089989558272,"$SPY up 14.7% since first Fed rate cut (Sept 18) - $QQQ surging 22.7% 📈

Two more cuts in 2025 could push tech higher - historical rate cut cycles show 6-9 month equity rallies 🚀

Tech outperforming market by 8% in easing cycle 💰 https://t.co/BaSp88rQjK",2025-10-15 16:46:55+00:00,en,,0,0,positive,0.25
1978501170835456449,1665881560892030976,"🚨 BREAKING:

🇺🇸 OCTOBER RATE CUT ODDS NOW ABOVE 96.7%!

THE FED HAS LOST CONTROL..

THE LIQUIDITY FLOOD IS COMING https://t.co/0p6iLEfFTr",2025-10-15 16:40:12+00:00,en,,2,0,neutral,0.0
1978500455517880817,1970668275781480448,"🚨 BREAKING :

🇺🇸 OCTOBER RATE CUT ODDS NOW ABOVE 96.7%!

THE FED HAS LOST CONTROL..

THE LIQUIDITY FLOOD IS COMING ... 

#FederalReserve #Fed #Crypto https://t.co/PljaGSemPv",2025-10-15 16:37:22+00:00,en,,2,0,neutral,0.0
1978500247979459013,37390107,US Dollar Forecast: Threatening Key Support as Fed Rate Cut Bets Strengthen #USD #Forex #FX #Trading https://t.co/kwje9yrvTg,2025-10-15 16:36:32+00:00,en,,0,0,neutral,0.0
1978499902557557162,40949962,US Dollar Forecast: Threatening Key Support as Fed Rate Cut Bets Strengthen #USD #Forex #FX #Trading https://t.co/fX0LN3Hyxp,2025-10-15 16:35:10+00:00,en,,0,0,neutral,0.0
1978499649360032119,37390182,US Dollar Forecast: Threatening Key Support as Fed Rate Cut Bets Strengthen #USD #Forex #FX #Trading https://t.co/ts5XRC9kxo,2025-10-15 16:34:09+00:00,en,,0,0,neutral,0.0
1978499336674668918,1388629449839628289,"🇺🇸 UPDATE:

 Fed’s Miran said two more rate cuts this year look realistic.

Alot of Fed representators have said that. 

Maybe we can see a rate cut in October. https://t.co/mnq9U4X5NT",2025-10-15 16:32:55+00:00,en,,23,3,positive,0.3333333333333333
1978499285105700997,207023857,US Dollar Forecast: Threatening Key Support as Fed Rate Cut Bets Strengthen #USD #Forex #FX #Trading https://t.co/xavtqvr1Yv,2025-10-15 16:32:42+00:00,en,,0,0,neutral,0.0
1978499281678942632,206357839,US Dollar Forecast: Threatening Key Support as Fed Rate Cut Bets Strengthen #USD #Forex #FX #Trading https://t.co/bCk9nIU3mL,2025-10-15 16:32:42+00:00,en,,0,0,neutral,0.0
1978499188058177836,1776895022190993408,"🇺🇸🇨🇳 FED’S MIRAN: TRADE TENSIONS WITH CHINA MAKE RATE CUTS MORE URGENT

🔹 Federal Reserve Governor Stephen Miran said that rising U.S.–China trade tensions and Beijing’s restrictions on rare earth exports have increased economic risks, making it more urgent for the Fed to cut https://t.co/dvCKnRyqRB",2025-10-15 16:32:19+00:00,en,,2,0,positive,0.375
1978498650520395904,1851059480932597761,"Dollar-Won Exchange Rate Expected to See Limited Upside as Fed Rate Cut Bets Revive - (Seoul=Yonhap Infomax) Sun Young Jung – On the 15th, dealers in Seoul’s foreign exchange market anti...
https://t.co/27xdiLjKZR",2025-10-15 16:30:11+00:00,en,,0,0,neutral,-0.049107142857142856
1978498243081204211,1966766114517458944,"nftcrypto_shark As I said, 25bp is priced in.  We get volatility to the up side when there is uncertainty in the rate decision and the Fed chooses to cut more than is priced in.  September 2024 is a great example",2025-10-15 16:28:34+00:00,en,,0,0,positive,0.65
1978497156542558303,1730040171255525376,"@NewsLambert A sluggish rate cut by the Fed is like that.
Corrupt manipulation,  in my opinion.",2025-10-15 16:24:15+00:00,en,,0,0,negative,-0.5
1978496626177012080,49039307,"@WallStreetMav It is ironic people think stocks and crypto will fly after fed cut rate. instead, gold and silver fly.",2025-10-15 16:22:09+00:00,en,,0,0,positive,0.6
1978495990114996600,1843963694893416449,The Fed’s next interest rate decision is coming October 29th. Do you think Chairman Jerome Powell will announce a rate cut?,2025-10-15 16:19:37+00:00,en,,0,0,neutral,0.0
1978495130211381576,1618393724047835138,"Fed rate cut?
https://t.co/99Th2Azrzt",2025-10-15 16:16:12+00:00,en,,0,0,neutral,0.0
