tweet_id,author_id,tweet_text,created_at,lang,source,like_count,retweet_count,sentiment,label,score
1978538578578690547,1882086254725980160,"Fed's St. Louis chief backs rate cut amid rising labor market risks. Inflation remains above target, but employment concerns prompt policy shift. #SPY https://t.co/ghx0OmA6oS",2025-10-15 19:08:51+00:00,en,,0,0,,neutral,0.8415693044662476
1978538373003309546,1338601494132744193,"Yup easiest money in my life! @RaoulGMI 

Also put 50 bps rate cut in october and 50 in december as hedge. 

Trade against me: https://t.co/omxidaf2km https://t.co/FXeU0P7WsL",2025-10-15 19:08:02+00:00,en,,0,0,,positive,0.7922444939613342
1978538038226502131,3220826437,"Discover what history reveals about stocks when the Fed eases ratesвАФinsights on market trends, sector shifts, and opportunities during rate cut cycles. https://t.co/BjmJYI42rq https://t.co/GqRPOCIubj",2025-10-15 19:06:42+00:00,en,,0,0,,neutral,0.7627749443054199
1978536881055801760,3086727432,"BTC Uptober Depends On Fed Rate-Cut Odds, Stocks https://t.co/8ueW0PU7TS",2025-10-15 19:02:06+00:00,en,,0,0,,neutral,0.9243791699409485
1978536616101572622,1882086254725980160,"Federal Reserve Bank of St. Louis President James Bullard supports a rate cut amid concerns over labor market risks, signaling subtle shifts in monetary policy outlook. #Fed #InterestRates #Economy",2025-10-15 19:01:03+00:00,en,,0,0,,neutral,0.8817123770713806
1978536593112646047,1972696916917104640,"FedвАЩs Rate Cut Brings New Opportunities for Homebuyers
https://t.co/kIka6pJ4XZ
#SacramentoMortgage #SacMortgage #SacramentoHomeLoans #SacramentoMortgageBroker #SacramentoMortgageRates #SacramentoLoans",2025-10-15 19:00:57+00:00,en,,0,0,,positive,0.5018421411514282
1978536579913105788,102851114,"After waiting for nearly a year, the Federal Reserve has cut interest rates. Here's a look at what that means for someone buying a vehicle. https://t.co/dCKvZa9DAc",2025-10-15 19:00:54+00:00,en,,0,0,,neutral,0.8324298858642578
1978535857809203684,1814722511067652096,"Bitcoin's вАШUptoberвАЩ vibes hinge on Fed rate cut odds, Nasdaq and tech stocksвАЩ response
BitcoinвАЩs remaining October performance depends on Fed rate cut odds, $BTC $ETF inflows and the path major US stocks chose to take.",2025-10-15 18:58:02+00:00,en,,2,0,,neutral,0.9113855957984924
1978535681254130060,1814722511067652096,"Bitcoin's вАШUptoberвАЩ vibes hinge on Fed rate cut odds, Nasdaq and tech stocksвАЩ response
BitcoinвАЩs remaining October performance depends on Fed rate cut odds, #BTC #ETF inflows and the path major US stocks chose to take.",2025-10-15 18:57:20+00:00,en,,1,0,,neutral,0.9168992042541504
1978535197873221931,172134623,"End of QT + rate cut(s) are bullish for stocks

Growth stocks (long duration assets) likely to be the prime beneficiaries of monetary easing. Current situation similar to the late 1998 cuts by the Fed and we know what happened in 1999. $NDX $SPX https://t.co/XDrawph5KN",2025-10-15 18:55:25+00:00,en,,0,0,,positive,0.6206947565078735
1978534622758908002,91455910,Fed Chair Again Emphasizes No вАШRisk-Free PathвАЩ as Rate Cut Seems More Certain https://t.co/5pcrzSZvx6 https://t.co/eRpiYS6EEj,2025-10-15 18:53:08+00:00,en,,0,0,,neutral,0.8473230004310608
1978534248823845206,553722611,"рЯЪ®We call $SPY

$SPY benefits from improving U.S. consumer spending, easing inflation pressures, and FedвАЩs September rate cut, boosting market sentiment and risk appetite.

Also watch рЯСЙ $OPEN $IXHL $SBET

Join the fast traders club рЯФЧ  https://t.co/j4XrIsE5DE https://t.co/w5RTpvjLvQ",2025-10-15 18:51:38+00:00,en,,0,0,,positive,0.7847326397895813
1978534030023758113,1976662869627342848,"рЯФ•JUST IN: #Bitcoin 'Uptober' vibes hinge on Fed rate cut odds, According to Nasdaq and tech stock response. рЯШЕ
@BTCTN @cryptocom @coingecko https://t.co/e2KnVWlh9Q",2025-10-15 18:50:46+00:00,en,,0,0,,neutral,0.788938045501709
1978533687797882917,1426699083243212809,"Only two weeks left until we get another rate cut by the Fed.

This is not the time to flip bearish!
#Altcoins #AltcoinSeason #ETH https://t.co/JDIqpKE5Hj",2025-10-15 18:49:25+00:00,en,,0,0,,neutral,0.56545090675354
1978532391124697174,63411616,"ASIAN equities saw strong inflows in September, boosted by the US Federal ReserveвАЩs first rate cut in nine months, expectations of further easing this year, and a weaker dollar that lifted demand for regional assets. https://t.co/hA3Th34m2C",2025-10-15 18:44:16+00:00,en,,0,0,,positive,0.8401312232017517
1978532161369092377,1818410598817841153,@Ashcryptoreal if the fed rate cut in October last week then yes,2025-10-15 18:43:21+00:00,en,,5,0,,neutral,0.9136908054351807
1978531821592686658,1371883902265069569,"Only two weeks left until we get another rate cut by the Fed.

This is not the time to flip bearish! https://t.co/fxQGyKPkwe",2025-10-15 18:42:00+00:00,en,,46,6,,neutral,0.5084457993507385
1978530524026085560,1624530848572747777,"вАҐ Fed Chair Powell hinted at an imminent rate cut, potentially signaling the end of the tightening cycle, amid inflation concerns and trade disputes sparked by the current president. Trump battles China over soybeans вЪ°пЄПвЬіпЄП https://t.co/9jnxVFmSjY",2025-10-15 18:36:50+00:00,en,,0,0,,neutral,0.8494064211845398
1978529908134482233,1815091402704891904,"рЯОҐ WhatвАЩs happening?
вАҐThe Dow and S&amp;P 500 lost ~0.2% вАФ losing steam after a decent run.  
вАҐThe Nasdaq, especially tech stocks, is under pressure as investors take profits.  
вАҐStrong bank earnings gave a bit of fuel to hopes for an interest rate cut from the Fed.  
вАҐBut global",2025-10-15 18:34:24+00:00,en,,0,0,,negative,0.5224178433418274
1978529904162701638,1490274682096226304,"BTC's 'Uptober' hinges on Fed rate cut odds &amp; Nasdaq/tech stocks' rxn.

BTC down 4.3% in Oct so far, but optimism on mth's bullish hist remains. Since '19, avg Oct gain ~20%, median ~15%. This yr lags, but mkts eye macro policy shifts for boost.

CME FedWatch: 96.7% prob for https://t.co/HaIOrUlEJY",2025-10-15 18:34:23+00:00,en,,0,0,,neutral,0.7874075174331665
1978528846094774512,1977901329814016000,"JUST IN: рЯУИ Bitcoin's performance in October may be influenced by Fed rate cut expectations affecting Nasdaq and tech stocks. 

рЯІ† Investors should monitor Fed decisions as they may impact Bitcoin and tech stocks.  

- via: Cointelegraph https://t.co/ZCpEATCEdQ https://t.co/e1TQDFhUhp",2025-10-15 18:30:10+00:00,en,,0,0,,neutral,0.8962433338165283
1978527176505909659,120148047,@kwabert @pdicarlotrader IвАЩm thinking Fed rate cut is sell the news,2025-10-15 18:23:32+00:00,en,,1,0,,neutral,0.8012810945510864
1978527029395128811,1878388119541792768,"Why is the US stock market booming today: whatвАЩs powering Wall StreetвАЩs comeback? - See top Dow, S&amp;P 500, Nasdaq winners.
рЯУИвЬЕрЯЗЇрЯЗ≤ https://t.co/dzFyTEdi39",2025-10-15 18:22:57+00:00,en,,0,0,,positive,0.9273346662521362
1978526628923031598,23320802,"Who would benefit the rate cut? Currently most goods American is buying are from China. Is rate cut will make me have more money in my bank account?
Fed's Miran sees China trade tensions as a further reason for quick rate cuts @CNBC https://t.co/BDXFAdTiOt",2025-10-15 18:21:22+00:00,en,,0,0,,neutral,0.6851962804794312
1978526528443965853,3866028473,"рЯЪА US stocks surging! Big bank earnings + tech rally + Fed cut hopes = Wall Street's biggest comeback. Dow up 300+, S&amp;P/Nasdaq flying. Rate relief incoming? #StockMarket #Fed",2025-10-15 18:20:58+00:00,en,,0,0,,positive,0.9720198512077332
1978526383501680806,1892435928469381120,Fed Governor Miran signals rare rate cut outlook for rest of 2025 вАФ dovish pivot could pressure Treasury yields and USD. Read full analysis on #tradekixai #Fed #rates,2025-10-15 18:20:23+00:00,en,,1,0,,neutral,0.9134377837181091
1978525612043321482,1893912133181800448,"@Kalshi The FedвАЩs rate-cut roulette wheel spins faster than TrumpвАЩs revolving door of economic contradictions. Reverse Robin Hood policies steal stability from workers to fund elite bailouts - now even PowellвАЩs scissors canвАЩt cut through this adminвАЩs tangled mess.

SeptemberвАЩs rate cut",2025-10-15 18:17:19+00:00,en,,0,0,,negative,0.7979322075843811
1978525070977913161,53591165,"A sharp slowdown in hiring poses a growing risk to the U.S. economy, Federal Reserve Chair Jerome Powell said, a sign that the Fed will likely cut its key interest rate twice more this year.

https://t.co/Fwa3doOzwr #USEconomy #InterestRates #FederalReserve #EconomicOutlook",2025-10-15 18:15:10+00:00,en,,0,0,,neutral,0.6348207592964172
1978524536317370746,1525036388781015042,"Bitcoin's вАШUptoberвАЩ vibes hinge on Fed rate cut odds, Nasdaq and tech stocksвАЩ response https://t.co/eOU54RxC7n",2025-10-15 18:13:03+00:00,en,,0,0,,neutral,0.8550228476524353
1978524296713478322,1588494286173396998,"[ Crypto News Alert! ] Bitcoin's вАШUptoberвАЩ vibes hinge on Fed rate cut odds, Nasdaq and tech stocksвАЩ response https://t.co/Z4RuRt2fAt",2025-10-15 18:12:06+00:00,en,,0,0,,neutral,0.7542139887809753
1978523689734869220,1698630559,"Bitcoin's вАШUptoberвАЩ vibes hinge on Fed rate cut odds, Nasdaq and tech stocksвАЩ response - https://t.co/uTlltRSJYY",2025-10-15 18:09:41+00:00,en,,0,1,,neutral,0.8512696027755737
1978523607522271278,165048917,FedвАЩs Miran says housing inflation key to rate cut views https://t.co/5UIBJ7DOkx,2025-10-15 18:09:21+00:00,en,,0,0,,neutral,0.8991419076919556
1978523398180376680,1901598281932931072,"рЯУЙ BITCOIN DOWN 4.3% IN OCTOBER: Can вАЬUptoberвАЭ Still Deliver?
вАЬDonвАЩt judge Uptober by its first two weeks.вАЭ
#Bitcoin #Uptober #ETF #Fed #Crypto
Buying the dip or waiting for a confirmed breakout? рЯСЗ
Read:https://t.co/hdJMxFjZSS https://t.co/29YdSIQyRt",2025-10-15 18:08:31+00:00,en,,0,1,,neutral,0.7198508381843567
1978523175106531406,1951848041339871232,"Bitcoin's вАШUptoberвАЩ vibes hinge on Fed rate cut odds, Nasdaq and tech stocksвАЩ response

$INTC $PATH",2025-10-15 18:07:38+00:00,en,,0,0,,neutral,0.8375532031059265
1978522844247031870,1304501263795515392,Bitcoin's performance this October links to Fed rate cut prospects as tech stocks react positively! рЯУИ,2025-10-15 18:06:19+00:00,en,,0,0,,positive,0.8313810229301453
1978522473806053820,1963959507194720256,"If you are a real estate investor, the latest Fed rate cut could change your buying power and cash flow.  IвАЩm an agent who offers landlord insurance through Steadily, and IвАЩd love to help you re-evaluate your coverage in this new rate environment. https://t.co/3fy19KobRO",2025-10-15 18:04:51+00:00,en,,0,0,,neutral,0.5128470659255981
1978521958401630396,1977166783271272448,"Fed Rate Cut рЯЪА

The market is sending a clear message:

97.6% odds вЖТ Fed cuts to 400вАУ425 bps
 
2.4% odds вЖТ No change, stays at 425вАУ450 bps

This makes the September 17th FOMC one of the most one-sided bets in recent history

LFG.",2025-10-15 18:02:48+00:00,en,,0,0,,neutral,0.7697747349739075
1978521947878142233,1912834771409104896,"$JPM $GS

Dow Jones Industrial Average closes mixed, S&amp;P 500 and Nasdaq lower amid trade war concerns and Fed rate cut signals",2025-10-15 18:02:46+00:00,en,,0,0,,neutral,0.5031184554100037
1978521509913076135,1977057582440132608,"$DXY is going up after Fed rate cut.

Is this bearish?

In 2024, DXY went up 8.3% in just 3 months after Fed rate cuts.

During the same timeframe, BTC and ETH doubled while several alts pumped 5x-10x.

Maybe history is repeating itself again.",2025-10-15 18:01:01+00:00,en,,0,0,,neutral,0.7564968466758728
1978521431064387717,207023857,"Silver rallies on safe-haven demand amid US-China tensions, Fed rate cut bets #Silver #SilverTrading https://t.co/gM9X4LtusB",2025-10-15 18:00:42+00:00,en,,0,0,,neutral,0.5468289852142334
1978521427868258627,1898402645297283072,"$IWM Large companies in the American stock markets have reached a sufficient level of rise. As the Fed's interest rate cut approaches, I think the New Year's rally will now begin with small companies. I think the #IWM performance will be good for the next 3 months.рЯ§ЂрЯШГ",2025-10-15 18:00:42+00:00,en,,1,0,,positive,0.9448732137680054
1978521387255136689,824864893,"вВњ Bitcoin's вАШUptoberвАЩ performance is closely tied to Fed rate cut expectations. Nasdaq's reaction could signal institutional shifts. How will institutional portfolios adjust to this?

https://t.co/YEozeRfVrK #Cryptocurrency #BTC",2025-10-15 18:00:32+00:00,en,,0,0,,neutral,0.9200406670570374
1978521206753317068,808483502417215488,"BTC Uptober Depends On Fed Rate-Cut Odds, Stocks https://t.co/ms7HuPzgj1",2025-10-15 17:59:49+00:00,en,,0,0,,neutral,0.9186645746231079
1978521074418545026,1563138756022255620,"рЯЯҐ Fed rate cut odds now above 95%.
A clear bullish sign for markets вАФ liquidity returning, risk appetite growing.

When money gets cheaper, crypto breathes again.

#Crypto #Finance #Markets #Update #Insight https://t.co/B9md9LMm6C",2025-10-15 17:59:17+00:00,en,,1,0,,positive,0.7771180272102356
1978520995586592926,1938327431959744512,"Bitcoin's вАШUptoberвАЩ vibes hinge on Fed rate cut odds, Nasdaq and tech stocksвАЩ response
рЯУҐOver 25? YouвАЩve already lost half your NAD.
HereвАЩs how to get it back вАФ and feel decades younger: https://t.co/srByIvibQV",2025-10-15 17:58:59+00:00,en,,0,0,,neutral,0.7342260479927063
1978520932730683580,2403018667,"@seafullofsharks Every headline feels like itвАЩs setting the stage for that next big rate cut. The game behind the scenes
You should stay glued to Unusualwhales telegram channel, search вАЬunusualwhalestgвАЭ on Telegram. IвАЩve been glued to it for the sharpest takes on Fed moves and market reactions",2025-10-15 17:58:44+00:00,en,,1,0,,neutral,0.6783705353736877
1978520807522418796,997581688749379587,"BitcoinвАЩs вАШUptoberвАЩ vibes hinge on Fed rate cut odds, Nasdaq and tech stocksвАЩ response https://t.co/ke2f83fJRK",2025-10-15 17:58:14+00:00,en,,0,0,,neutral,0.8705372214317322
1978520181870608404,37390107,"Silver rallies on safe-haven demand amid US-China tensions, Fed rate cut bets #Silver #SilverTrading https://t.co/6PTQWU4yYH",2025-10-15 17:55:45+00:00,en,,0,0,,neutral,0.543142557144165
1978520141131350065,1616571338201636866,@Kramaramb @grok @grok when was the last FED rate cut?,2025-10-15 17:55:35+00:00,en,,1,0,,neutral,0.93617844581604
1978520100941508797,40949962,"Silver rallies on safe-haven demand amid US-China tensions, Fed rate cut bets #Silver #SilverTrading https://t.co/vfRDrxaOnv",2025-10-15 17:55:25+00:00,en,,0,0,,neutral,0.5402671098709106
1978519508932309302,1378081994622443521,"Crypto market rebounding 2.3% to $3.98T #Bitcoin holding $112K amid Fed rate cut odds (95%!), #Ethereum up 3.9% to $4,159 with $236M ETF inflows. AI tokens crushing it $COAI +26%, $TAO +10% while GameFi leads via $IMX +8%. Bhutan anchors national ID on #Ethereum 

#Crypto #DeFi",2025-10-15 17:53:04+00:00,en,,0,0,,positive,0.8476205468177795
1978519349573865920,206357839,"Silver rallies on safe-haven demand amid US-China tensions, Fed rate cut bets #Silver #SilverTrading https://t.co/TLD3wOiUE5",2025-10-15 17:52:26+00:00,en,,0,0,,neutral,0.563736617565155
1978519288718803371,1480534608626298884,"рЯЯ† New Bitcoin update

Bitcoin's вАШUptoberвАЩ vibes hinge on Fed rate cut odds, Nasdaq and tech stocksвАЩ response  
рЯФЧ https://t.co/tfojXiJOu9  
#Bitcoin #BTC #CryptoNews https://t.co/m3aKgyeA6H",2025-10-15 17:52:12+00:00,en,,1,0,,neutral,0.9119176268577576
1978519045289766953,37390182,"Silver rallies on safe-haven demand amid US-China tensions, Fed rate cut bets #Silver #SilverTrading https://t.co/EHm82evE1Z",2025-10-15 17:51:14+00:00,en,,0,0,,neutral,0.5213254690170288
1978518874455732507,1854960854778707968,"Bitcoin's вАШUptoberвАЩ vibes hinge on Fed rate cut odds, Nasdaq and tech stocksвАЩ response 

BitcoinвАЩs remaining October performance depends on Fed rate cut odds, BTC ETF inflows and the path major US stocks chose to take.
 https://t.co/dcvgPc9Vw5 https://t.co/gXbruAn2va",2025-10-15 17:50:33+00:00,en,,0,0,,neutral,0.9067535996437073
1978518785762939293,1652541,"TSX hits record high on mining gains, Fed rate cut optimism https://t.co/rZla9cQJPu https://t.co/rZla9cQJPu",2025-10-15 17:50:12+00:00,en,,5,2,,positive,0.8233822584152222
1978518318655869180,1958035365551575040,"рЯТµ Dollar weakens amid ongoing US-China trade friction
рЯУЄ Image: dollar note illustration 
рЯФЧ https://t.co/77J2Us6q1w 
#Breaking",2025-10-15 17:48:20+00:00,en,,0,0,,neutral,0.6474964022636414
1978518248581685339,1854152335637000192,"рЯЪА  Bitcoin's 'Uptober' vibes hinge on Fed rate cut odds, Nasdaq and tech stocks' response

рЯПҐ Related Company: Bitcoin
рЯЯ° Coins: #BTCUSDT

https://t.co/iw4LNbkwfK",2025-10-15 17:48:04+00:00,en,,3,0,,neutral,0.7521836757659912
1978517919450485124,1912834771409104896,"$crypto $COIN

Bitcoin's October rally hinges on Fed rate cut odds and Nasdaq's tech stock performance",2025-10-15 17:46:45+00:00,en,,0,0,,positive,0.4998207688331604
1978517856091570201,1901056751195013121,"Bitcoin's вАШUptoberвАЩ vibes hinge on F...

via Cointelegraph
&lt;![CDATA[https://t.co/SBdcqFygXG]]&gt;",2025-10-15 17:46:30+00:00,en,,1,0,,neutral,0.8814108967781067
1978517833207152657,1885343822127001600,рЯЪА October is shaping up to be a pivotal month for Bitcoin! рЯУИ The market is buzzing with anticipation as Fed rate cut odds grow. Will Nasdaq and tech stocks provide the boost we need? Let's keep an eye on these trends! рЯФН #Bitcoin #Uptober #Investing #CвА¶ https://t.co/e9dWiwOWmc,2025-10-15 17:46:25+00:00,en,,1,0,,positive,0.9629293084144592
1978517718140703091,91806559,"Bitcoin's October surge is linked to rising hopes for a Fed rate cut, boosting tech stocks and the Nasdaq. рЯУИрЯТ∞ Keep an eye on these trends as they could shape the market! #Bitcoin #CryptoTrends https://t.co/4zzJL5RvOJ",2025-10-15 17:45:57+00:00,en,,0,0,,positive,0.8673428893089294
1978517589853655420,1606833215154561024,"Bitcoin and Ethereum ticked up today as whispers of a Fed rate cut sent risk traders buzzing рЯУИ вАФ BTC jumped ~1.1%, ETH climbed ~4.8%. Barron's
Meanwhile, Monad just opened its airdrop to Solana users + Ethereum NFT holders ahead of its token launch рЯФФ Decrypt+1",2025-10-15 17:45:27+00:00,en,,0,0,,positive,0.7319225668907166
1978516914260279494,1912834771409104896,"Gold tests $4200 as Fed rate cut expectations fuel rally; Silver, Platinum face resistance",2025-10-15 17:42:46+00:00,en,,0,0,,neutral,0.8882115483283997
1978516750053294140,1680670328438116352,"рЯЪ® BREAKING:

рЯЗЇрЯЗЄ OCTOBER RATE CUT ODDS NOW ABOVE 96.7%!

THE FED HAS LOST CONTROL..

THE LIQUIDITY FLOOD IS COMING

рЯУМJoin us for similar set up below рЯСЗ

https://t.co/XkGvbt0Coi

$ZKC    $WLFI $SC $GPT $CRO $GM $XRP $DOGE $BERA $SAGA $BOOP $SYRUP $BMT $KAITO $K $LAYER $GM  $DOG https://t.co/cQOkAMLRyw",2025-10-15 17:42:06+00:00,en,,0,0,,neutral,0.5206019878387451
1978516156840575249,1964202142417485825,"EUROPEAN STOCKS RISE ON 15 OCT 2025, LED BY LVMH'S 12.22% JUMP AFTER Q3 GROWTH. CAC 40 UP 1.99% AMID EASING FRENCH POLITICAL TENSIONS, WHILE DAX &amp; FTSE 100 DECLINE. MARKET SENTIMENT BOOSTED BY FED RATE CUT EXPECTATIONS.",2025-10-15 17:39:45+00:00,en,,0,0,,positive,0.7953344583511353
1978515476239007931,1965505240754720768,"@LiebermanAustin @andrewrsorkin While bearish sentiment is justified, the S&amp;P 500 has a key mitigating factor: a strong 'Fed Put' expectation. Market pricing shows over 90% probability of an October rate cut, likely limiting the depth of any correction.",2025-10-15 17:37:03+00:00,en,,1,0,,neutral,0.7532715797424316
1978514751148753064,2541159535,"#Gold keeps climbing as traders bet on more #Fed rate cuts and the #USD weakens. Ongoing US-China tensions and the government shutdown push investors toward safe-haven assets. 

https://t.co/lkfTI10bNS

#trading #iforex #xauusd #oil #brent #wti #usd #eurusd #us500  #Stocks https://t.co/mYdMCm7y8N",2025-10-15 17:34:10+00:00,en,,1,0,,neutral,0.7298804521560669
1978514574191034678,1886735011468230656,"рЯЪ® Fed rate cut or notвА¶
If PowellвАЩs mood swings just to irritate Trump, the crypto market might end up on a ventilator рЯТАрЯУЙ

#Bitcoin #CryptoMarket #FOMC #Powell #Trump #RateCut",2025-10-15 17:33:28+00:00,en,,1,0,,negative,0.5687867999076843
1978512893520879971,14253238,30-year fixed mortgage set to fall sharply as Fed rate-cut hopes rise вАФ turning point for homeowners to refinance and save big? https://t.co/WmXO884aTs,2025-10-15 17:26:47+00:00,en,,0,0,,neutral,0.6701417565345764
1978512030869979254,1845284643131830272,"Top Stock Movers Now: $AMD, $MS, $BAC, $PGR, and More

https://t.co/0lvZFvVN2L

Major U.S. equities indexes rose on strong bank earnings and Fed rate cut indications. Semiconductor stocks, led by Advanced Micro Devices (AMD), surged after announcing a deal with Oracle. Morgan",2025-10-15 17:23:21+00:00,en,,0,0,,positive,0.7386999726295471
1978511742683505041,729290108,"@Cointelegraph If the interest rate is cut twice, it means that the economic growth momentum or the job market is slowing down, and the Fed hopes to support demand through loose policies.",2025-10-15 17:22:13+00:00,en,,0,0,,neutral,0.5905438661575317
1978511613658271827,1628411386039619586,"Tariff inflation may be the sleeper threat to the FedвАЩs rate cut strategy вЬВпЄП

Goldman Sachs warns that import duties have already added 0.44 points to core PCE inflation this year, and could push it another 0.6 points higher over two years as more costs shift to consumers. https://t.co/OSUpxr5ZWt",2025-10-15 17:21:42+00:00,en,,1,0,,neutral,0.5209783911705017
1978511561388945657,1861369660836376576,"Global markets steadied with a cautiousвАСbullish tilt as Asia and Europe firmed and U.S. futures stayed constructive, with rateвАСcut odds in focus ahead of lateвАСOctober Fed events and steady ECB guidance; tech and AI hardware led gains while energy and materials were mixed,",2025-10-15 17:21:29+00:00,en,,1,0,,neutral,0.494744211435318
1978509114633273561,1909376539965186048,"Silver rallies on safe-haven demand amid US-China tensions, Fed rate cut bets

Silver (XAG/USD) resumes its rally on Wednesday, trading around $52.40 per troy ounce at the time of writing, up 2.40% on the day, as investors seek safety amid renewed global tensions and growing https://t.co/TeL2XshDcq",2025-10-15 17:11:46+00:00,en,,0,0,,positive,0.5650713443756104
1978506403292840393,1720665183188922368,"@thanh_19892021 @Danny_Crypton Yes, according to CME FedWatch data from recent sources (as of Oct 15, 2025), the odds of a Fed rate cut at the October 28-29 meeting are around 97-99%, exceeding 96.7%. This is based on futures market probabilities. The claims about the Fed losing control are subjective",2025-10-15 17:01:00+00:00,en,,0,0,,neutral,0.9074571132659912
1978506297243836589,266137330,"The FedвАЩs first rate cut of 2025 means borrowing may get cheaper, but savings returns wonвАЩt be as high. Explore what this means for your finances in our latest blog. https://t.co/2m7NU0FwyH https://t.co/EriqLLr89L",2025-10-15 17:00:34+00:00,en,,0,0,,neutral,0.7930555939674377
1978506263811047926,1071217066483441665,"Jerome Powell signaled the central bank may stop shrinking its balance sheet in the coming months. He also indicated US labor-market prospects continue to worsen, a message that supports investorsвАЩ expectations for another interest-rate cut this month. https://t.co/lCOZfRZ4KR https://t.co/WU6apqzbbc",2025-10-15 17:00:26+00:00,en,,0,0,,neutral,0.6412719488143921
1978506150472544691,1952431334787620864,"Get Ready To Ride The Wave Of Market Volatility 
If BOJ Raises Rates Hedge Funds Will Cut Back Shorts
Oct. 29-30 BOJ Rate Decision
Oct 28-29 The Fed Rate Decision

#AMC #GME #RoaringkittyрЯФ• 
#gmetothemoon #amctothestarsрЯТ• 
#AMCNEVERLEAVINGрЯНї 
@Ape4NanaрЯХѓпЄП https://t.co/PlOM18efmH",2025-10-15 16:59:59+00:00,en,,1,0,,neutral,0.865006148815155
1978504723201249435,1491826285911412737,"рЯЪ® BREAKING:

рЯЗЇрЯЗЄ OCTOBER RATE CUT ODDS NOW ABOVE 96.7%!

THE FED HAS LOST CONTROL..

THE LIQUIDITY FLOOD IS COMING https://t.co/s84xGuGl8p",2025-10-15 16:54:19+00:00,en,,9,4,,negative,0.5453510284423828
1978504404321108038,1802752217704710144,"noted slowing payroll gains and rising employment risks but said longer-term inflation expectations remain anchored near the FedвАЩs 2% goalвАФremarks that lifted odds of another rate cut this month to 96%. However, markets wavered after President Trump accused China",2025-10-15 16:53:03+00:00,en,,0,0,,neutral,0.8611157536506653
1978504318350426157,1884877595734351872,"вАШNo risk-free pathвАЩ: Powell signals another rate cut as Fed weighs weak jobs, sticky inflation, Powell, in remarks to a National Association for Business Economics conference in Philadelphia, acknowledged the economic dilemma that has split U.S. central bank officials almost",2025-10-15 16:52:42+00:00,en,,0,0,,neutral,0.729327380657196
1978503873103798766,989480469099139072,@TheBigMoneyShow @BrianBrenberg @JackieDeAngelis @dagenmcdowell Fed chairman Jerome Powell should cut rate ONE FULL POINT!,2025-10-15 16:50:56+00:00,en,,1,0,,neutral,0.7676355838775635
1978502881729798179,1972378089989558272,"@DividendDude_X $SPY already +18% since last Fed cut in Sept 2024. рЯУК
Historical pattern clear: rate cuts = equity rallies.
Two more cuts by year-end could fuel another leg up for bulls. рЯЪА https://t.co/mAVAQdPKnS",2025-10-15 16:47:00+00:00,en,,2,0,,positive,0.8553133606910706
1978502859462205874,1972378089989558272,"$SPY up 14.7% since first Fed rate cut (Sept 18) - $QQQ surging 22.7% рЯУИ

Two more cuts in 2025 could push tech higher - historical rate cut cycles show 6-9 month equity rallies рЯЪА

Tech outperforming market by 8% in easing cycle рЯТ∞ https://t.co/BaSp88rQjK",2025-10-15 16:46:55+00:00,en,,0,0,,positive,0.8436720967292786
1978501170835456449,1665881560892030976,"рЯЪ® BREAKING:

рЯЗЇрЯЗЄ OCTOBER RATE CUT ODDS NOW ABOVE 96.7%!

THE FED HAS LOST CONTROL..

THE LIQUIDITY FLOOD IS COMING https://t.co/0p6iLEfFTr",2025-10-15 16:40:12+00:00,en,,2,0,,negative,0.5322312712669373
1978500455517880817,1970668275781480448,"рЯЪ® BREAKING :

рЯЗЇрЯЗЄ OCTOBER RATE CUT ODDS NOW ABOVE 96.7%!

THE FED HAS LOST CONTROL..

THE LIQUIDITY FLOOD IS COMING ... 

#FederalReserve #Fed #Crypto https://t.co/PljaGSemPv",2025-10-15 16:37:22+00:00,en,,2,0,,negative,0.5066588521003723
1978500247979459013,37390107,US Dollar Forecast: Threatening Key Support as Fed Rate Cut Bets Strengthen #USD #Forex #FX #Trading https://t.co/kwje9yrvTg,2025-10-15 16:36:32+00:00,en,,0,0,,neutral,0.7678250670433044
1978499902557557162,40949962,US Dollar Forecast: Threatening Key Support as Fed Rate Cut Bets Strengthen #USD #Forex #FX #Trading https://t.co/fX0LN3Hyxp,2025-10-15 16:35:10+00:00,en,,0,0,,neutral,0.7731666564941406
1978499649360032119,37390182,US Dollar Forecast: Threatening Key Support as Fed Rate Cut Bets Strengthen #USD #Forex #FX #Trading https://t.co/ts5XRC9kxo,2025-10-15 16:34:09+00:00,en,,0,0,,neutral,0.7817173600196838
1978499336674668918,1388629449839628289,"рЯЗЇрЯЗЄ UPDATE:

 FedвАЩs Miran said two more rate cuts this year look realistic.

Alot of Fed representators have said that. 

Maybe we can see a rate cut in October. https://t.co/mnq9U4X5NT",2025-10-15 16:32:55+00:00,en,,23,3,,neutral,0.7316257357597351
1978499285105700997,207023857,US Dollar Forecast: Threatening Key Support as Fed Rate Cut Bets Strengthen #USD #Forex #FX #Trading https://t.co/xavtqvr1Yv,2025-10-15 16:32:42+00:00,en,,0,0,,neutral,0.7768840193748474
1978499281678942632,206357839,US Dollar Forecast: Threatening Key Support as Fed Rate Cut Bets Strengthen #USD #Forex #FX #Trading https://t.co/bCk9nIU3mL,2025-10-15 16:32:42+00:00,en,,0,0,,neutral,0.7568413019180298
1978499188058177836,1776895022190993408,"рЯЗЇрЯЗЄрЯЗ®рЯЗ≥ FEDвАЩS MIRAN: TRADE TENSIONS WITH CHINA MAKE RATE CUTS MORE URGENT

рЯФє Federal Reserve Governor Stephen Miran said that rising U.S.вАУChina trade tensions and BeijingвАЩs restrictions on rare earth exports have increased economic risks, making it more urgent for the Fed to cut https://t.co/dvCKnRyqRB",2025-10-15 16:32:19+00:00,en,,2,0,,neutral,0.787834644317627
1978498650520395904,1851059480932597761,"Dollar-Won Exchange Rate Expected to See Limited Upside as Fed Rate Cut Bets Revive - (Seoul=Yonhap Infomax) Sun Young Jung вАУ On the 15th, dealers in SeoulвАЩs foreign exchange market anti...
https://t.co/27xdiLjKZR",2025-10-15 16:30:11+00:00,en,,0,0,,neutral,0.7325799465179443
1978498243081204211,1966766114517458944,"nftcrypto_shark As I said, 25bp is priced in.  We get volatility to the up side when there is uncertainty in the rate decision and the Fed chooses to cut more than is priced in.  September 2024 is a great example",2025-10-15 16:28:34+00:00,en,,0,0,,neutral,0.6720535755157471
1978497156542558303,1730040171255525376,"@NewsLambert A sluggish rate cut by the Fed is like that.
Corrupt manipulation,  in my opinion.",2025-10-15 16:24:15+00:00,en,,0,0,,negative,0.774808406829834
1978496626177012080,49039307,"@WallStreetMav It is ironic people think stocks and crypto will fly after fed cut rate. instead, gold and silver fly.",2025-10-15 16:22:09+00:00,en,,0,0,,negative,0.5124536752700806
1978495990114996600,1843963694893416449,The FedвАЩs next interest rate decision is coming October 29th. Do you think Chairman Jerome Powell will announce a rate cut?,2025-10-15 16:19:37+00:00,en,,0,0,,neutral,0.9414945244789124
1978495130211381576,1618393724047835138,"Fed rate cut?
https://t.co/99Th2Azrzt",2025-10-15 16:16:12+00:00,en,,0,0,,neutral,0.8500570058822632
